WY,YearlyEventNumber,FLOW,FlowStartDate,FlowPeakDate,FlowEndDate,FlowStartMag,FlowPeakMag,FlowEndMag,PRECIPITATION,StormID,StormStartDate,StormEndDate,StormPeakIntDate,StormPeakInt_mmh,StormTotalPrecip_mm,AntecedentPrecip_mm,CALCULATIONS,FlowDuration_h,FlowTimeToPeak_h,FlowTimeToEnd_h,FlowRise_%,StormStartToFlowPeak_h,StormMaxIntToFlowPeak_h,FLAGS,EndingFlag,SeasonFlag,wy_actual,duplicateflag,DiurnalFlag,PeakStartFlag
0,1,,1988-12-16 01:00:00,1988-12-16 16:45:00,1988-12-18 15:00:00,3.3,155.0,7.5,,515,1988-12-15 08:00:23,1988-12-17 06:00:00,1988-12-15 11:30:08,30.30027116984852,182.2,0,,62.0,15.75,46.25,4596.969696969697,32.743611111111115,29.247777777777777,,0,w,1989,0,0,0
0,2,,1988-12-18 20:00:00,1988-12-18 21:15:00,1988-12-20 18:00:00,8.225,9.3,4.5,,517,1988-12-18 20:00:00,1988-12-19 02:00:00,1988-12-19 00:29:58,0.9998249999998928,2.8000000000000003,194.2,,46.0,1.25,44.75,13.06990881458968,1.25,-3.2494444444444444,,0,w,1989,0,0,0
0,4,,1988-12-21 07:00:00,1988-12-21 14:00:00,1988-12-22 05:00:00,5.7,98.0,22.25,,519,1988-12-20 23:30:00,1988-12-21 14:00:00,1988-12-21 08:30:01,15.596916288125822,49.00000000000001,205.2,,22.0,7.0,15.0,1619.2982456140348,14.5,5.499722222222222,,0,w,1989,0,0,0
0,8,,1989-01-04 12:00:00,1989-01-04 13:15:00,1989-01-05 12:00:00,4.1,4.3,4.1,,529,1989-01-04 07:00:00,1989-01-04 22:00:00,1989-01-04 11:29:58,4.299163157894196,10.4,20.7,,24.0,1.25,22.75,4.87804878048781,6.25,1.7505555555555556,,0,w,1989,0,0,0
0,9,,1989-01-06 03:00:00,1989-01-06 09:30:00,1989-01-09 01:00:00,5.050000000000001,13.0,4.7,,530,1989-01-05 12:30:00,1989-01-06 07:00:00,1989-01-06 01:29:59,3.699999999990407,19.500000000000004,17.900000000000002,,70.0,6.5,63.5,157.42574257425738,21.0,8.000277777777777,,0,w,1989,0,0,0
0,10,,1989-02-04 20:00:00,1989-02-04 23:37:00,1989-02-06 20:00:00,5.566666666666666,31.0,11.0,,533,1989-02-02 05:00:00,1989-02-05 00:00:00,1989-02-04 10:29:56,7.999846956515327,97.0,0,,48.0,3.6166666666666667,44.38333333333333,456.8862275449102,66.61666666666666,13.117777777777778,,0,w,1989,0,0,0
0,11,,1989-02-08 19:00:00,1989-02-09 08:26:00,1989-02-12 22:00:00,12.0,87.0,14.0,,534,1989-02-08 02:30:00,1989-02-10 05:00:00,1989-02-08 17:30:02,5.299650388058439,101.4,97.0,,99.0,13.433333333333334,85.56666666666666,625.0,29.933333333333334,14.932777777777778,,0,w,1989,0,0,0
1,0,,1990-01-13 16:00:00,1990-01-14 13:15:00,1990-01-16 14:00:00,2.8,33.0,2.7,,561,1990-01-13 01:30:00,1990-01-14 10:00:00,1990-01-13 05:30:01,8.799862857142942,92.4,0,,70.0,21.25,48.75,1078.5714285714287,35.75,31.74972222222222,,0,w,1990,0,0,0
1,3,,1990-01-17 03:00:00,1990-01-17 08:45:00,1990-01-20 23:00:00,3.325,16.0,2.0,,564,1990-01-16 15:00:00,1990-01-17 17:00:00,1990-01-17 04:29:57,7.696694736847279,34.0,105.60000000000001,,92.0,5.75,86.25,381.203007518797,17.75,4.2508333333333335,,0,w,1990,0,0,0
1,4,,1990-02-14 05:00:00,1990-02-14 06:15:00,1990-02-14 07:00:00,0.99,1.1,0.99,,571,1990-02-13 13:00:00,1990-02-13 23:00:00,1990-02-13 20:30:02,0.2999360000000517,1.6,0,,2.0,1.25,0.75,11.111111111111121,17.25,9.749444444444444,,0,w,1990,0,0,0
2,0,,1991-02-28 04:00:00,1991-03-01 13:15:00,1991-03-05 01:00:00,4.625,921.0,8.075,,610,1991-02-26 12:08:34,1991-03-02 02:00:00,1991-02-27 11:29:54,47.9361206898945,428.9,0,,117.0,33.25,83.75,19813.513513513513,73.10722222222222,49.751666666666665,,0,w,1991,0,0,0
2,3,,1991-03-19 05:00:00,1991-03-19 11:30:00,1991-03-20 10:00:00,3.4,126.0,30.75,,620,1991-03-19 00:00:00,1991-03-19 16:00:00,1991-03-19 06:29:55,22.59820000000044,123.3,34.800000000000004,,29.0,6.5,22.5,3605.882352941176,11.5,5.001388888888889,,0,w,1991,0,0,0
2,4,,1991-03-20 12:00:00,1991-03-20 16:45:00,1991-03-23 05:00:00,32.0,108.0,20.25,,621,1991-03-19 22:08:34,1991-03-21 04:00:00,1991-03-20 11:30:00,26.497134039003186,53.900000000000006,143.2,,65.0,4.75,60.25,237.5,18.607222222222223,5.25,,0,w,1991,0,0,0
2,6,,1991-03-25 08:00:00,1991-03-25 14:00:00,1991-03-26 10:00:00,14.75,97.0,32.0,,623,1991-03-25 08:00:00,1991-03-26 03:00:00,1991-03-25 11:29:57,28.69021923076796,97.2,56.300000000000004,,26.0,6.0,20.0,557.6271186440679,6.0,2.5008333333333335,,0,w,1991,0,0,0
2,8,,1991-03-26 23:00:00,1991-03-27 05:45:00,1991-03-28 22:00:00,27.75,439.0,60.0,,625,1991-03-26 18:30:00,1991-03-27 17:00:00,1991-03-27 02:29:47,20.694444444444105,107.4,100.4,,47.0,6.75,40.25,1481.981981981982,11.25,3.2536111111111112,,0,w,1991,0,0,0
3,0,,1991-12-29 19:00:00,1991-12-30 02:00:00,1991-12-30 20:00:00,3.15,131.0,14.0,,647,1991-12-28 04:30:00,1991-12-30 12:00:00,1991-12-28 07:29:59,13.799975757575927,151.9,0,,25.0,7.0,18.0,4058.730158730159,45.5,42.500277777777775,,0,w,1992,0,0,0
3,1,,1992-01-03 21:00:00,1992-01-04 05:00:00,1992-01-05 09:00:00,2.925,16.0,4.1,,648,1992-01-03 04:03:45,1992-01-03 23:00:00,1992-01-03 06:30:16,4.7999999999999705,27.6,151.9,,36.0,8.0,28.0,447.008547008547,24.9375,22.495555555555555,,0,w,1992,0,0,0
3,2,,1992-02-10 05:00:00,1992-02-11 14:45:00,1992-02-13 21:00:00,10.725,1670.0,190.5,,654,1992-02-09 05:15:00,1992-02-13 20:00:00,1992-02-10 08:30:00,17.89971999996201,450.00000000000006,108.0,,88.0,33.75,54.25,15471.095571095571,57.5,30.25,,0,w,1992,0,0,0
3,3,,1992-03-02 19:00:00,1992-03-03 06:15:00,1992-03-04 02:00:00,25.0,218.0,76.5,,657,1992-03-02 01:12:00,1992-03-03 11:00:00,1992-03-02 11:29:58,11.597828947369958,108.4,0,,31.0,11.25,19.75,772.0,29.05,18.750555555555554,,0,w,1992,0,0,0
3,4,,1992-03-20 21:00:00,1992-03-21 20:15:00,1992-03-22 20:00:00,34.0,192.0,74.5,,662,1992-03-20 08:01:25,1992-03-22 02:00:00,1992-03-20 11:29:58,25.09521185184974,152.7,0,,47.0,23.25,23.75,464.7058823529412,36.22638888888889,32.75055555555556,,0,w,1992,0,0,0
3,6,,1992-03-22 20:00:00,1992-03-23 15:30:00,1992-03-25 11:00:00,74.5,439.0,128.25,,664,1992-03-22 16:00:00,1992-03-23 14:00:00,1992-03-23 05:29:57,9.396814715721176,69.89999999999999,153.50000000000003,,63.0,19.5,43.5,489.26174496644296,23.5,10.000833333333333,,0,w,1992,0,0,0
3,8,,1992-03-27 01:00:00,1992-03-27 15:00:00,1992-03-28 11:00:00,92.25,134.0,102.0,,666,1992-03-26 20:15:00,1992-03-28 02:00:00,1992-03-27 11:29:57,10.298272000007556,51.8,75.0,,34.0,14.0,20.0,45.25745257452575,18.75,3.5008333333333335,,0,w,1992,0,0,0
3,10,,1992-05-05 20:00:00,1992-05-06 03:00:00,1992-05-06 10:00:00,16.0,23.0,17.0,,675,1992-05-05 18:12:00,1992-05-05 22:00:00,1992-05-05 19:48:37,1.0000000000000004,3.2,12.7,,14.0,7.0,7.0,43.75,8.8,7.189722222222223,,0,s,1992,0,0,0
4,0,,1992-10-22 15:00:00,1992-10-22 16:45:00,1992-10-22 23:00:00,1.2,1.3,1.1,,688,1992-10-20 12:30:00,1992-10-22 00:00:00,1992-10-21 23:29:55,0.6998871067965844,7.5,0,,8.0,1.75,6.25,8.333333333333341,52.25,17.25138888888889,,0,s,1993,0,0,0
4,2,,1992-10-24 14:00:00,1992-10-24 17:15:00,1992-10-25 05:00:00,1.25,2.0,1.6,,690,1992-10-24 14:00:00,1992-10-25 03:00:00,1992-10-24 21:49:16,1.0000000000000044,4.9,62.1,,15.0,3.25,11.75,60.0,3.25,-4.571111111111111,,0,s,1993,0,0,0
4,4,,1992-10-30 17:00:00,1992-10-30 22:45:00,1992-11-02 10:00:00,5.475,231.0,2.9,,692,1992-10-28 09:30:00,1992-10-30 22:00:00,1992-10-30 11:30:01,10.495117529627125,83.5,60.4,,65.0,5.75,59.25,4119.178082191781,61.25,11.249722222222223,,0,s,1993,0,0,0
4,7,,1992-12-07 10:00:00,1992-12-07 17:00:00,1992-12-11 13:00:00,2.9,224.0,4.7,,696,1992-12-06 23:30:00,1992-12-08 01:00:00,1992-12-07 05:30:03,17.097900000000653,125.8,34.2,,99.0,7.0,92.0,7624.137931034483,17.5,11.499166666666667,,0,w,1993,0,0,0
4,10,,1992-12-29 11:00:00,1992-12-29 18:45:00,1993-01-01 10:00:00,5.6,329.0,19.5,,705,1992-12-28 20:15:00,1993-01-01 09:00:00,1992-12-29 08:30:00,10.499963697478304,88.9,32.1,,71.0,7.75,63.25,5775.0,22.5,10.25,,0,w,1993,0,0,0
4,11,,1993-01-06 11:00:00,1993-01-08 05:45:00,1993-01-09 07:00:00,10.1,1490.0,120.5,,708,1993-01-05 23:15:00,1993-01-08 08:00:00,1993-01-06 12:30:01,9.299336842102363,267.90000000000003,31.5,,68.0,42.75,25.25,14652.475247524753,54.5,41.249722222222225,,0,w,1993,0,0,0
4,13,,1993-01-11 00:00:00,1993-01-11 01:30:00,1993-01-12 19:00:00,69.0,70.0,39.75,,712,1993-01-10 22:15:00,1993-01-11 00:00:00,1993-01-10 22:45:00,0.35,0.6,281.1000000000001,,43.0,1.5,41.5,1.4492753623188406,3.25,2.75,,0,w,1993,0,0,0
4,15,,1993-01-12 20:00:00,1993-01-14 00:30:00,1993-01-15 16:00:00,40.5,1180.0,211.25,,714,1993-01-12 15:20:00,1993-01-14 13:00:00,1993-01-12 22:29:59,23.390769230610616,143.9,47.4,,68.0,28.5,39.5,2813.5802469135806,33.166666666666664,26.00027777777778,,0,w,1993,0,0,0
4,16,,1993-01-15 16:00:00,1993-01-18 01:00:00,1993-01-19 19:00:00,211.25,1710.0,315.5,,715,1993-01-14 16:30:00,1993-01-19 00:00:00,1993-01-17 20:30:02,11.297470967793174,256.20000000000005,191.3,,99.0,57.0,42.0,709.4674556213017,80.5,4.499444444444444,,0,w,1993,0,0,0
4,17,,1993-02-08 01:00:00,1993-02-09 00:00:00,1993-02-13 23:00:00,32.25,569.0,71.5,,717,1993-02-07 11:00:29,1993-02-09 11:00:00,1993-02-08 05:30:02,21.39659523806705,159.3,0,,142.0,23.0,119.0,1664.3410852713178,36.99194444444444,18.499444444444446,,0,w,1993,0,0,0
4,18,,1993-02-18 14:00:00,1993-02-19 06:30:00,1993-02-22 16:00:00,58.5,1680.0,265.0,,723,1993-02-17 12:02:36,1993-02-20 23:00:00,1993-02-18 21:30:02,13.199626984124263,251.6,15.799999999999999,,98.0,16.5,81.5,2771.794871794872,42.45666666666666,8.999444444444444,,0,w,1993,0,0,0
4,20,,1993-02-23 09:00:00,1993-02-23 21:30:00,1993-02-26 16:00:00,249.25,705.0,226.75,,725,1993-02-22 18:30:00,1993-02-24 03:00:00,1993-02-23 11:29:58,5.099727928549282,56.900000000000006,258.0,,79.0,12.5,66.5,182.84854563691073,27.0,10.000555555555556,,0,w,1993,0,0,0
4,21,,1993-03-14 13:00:00,1993-03-14 14:45:00,1993-03-14 16:00:00,62.0,64.0,62.0,,730,1993-03-14 02:00:00,1993-03-14 10:00:00,1993-03-14 04:29:56,0.3998989999999972,1.5000000000000002,0,,3.0,1.75,1.25,3.225806451612903,12.75,10.251111111111111,,0,w,1993,0,0,0
4,23,,1993-03-28 06:00:00,1993-03-28 15:00:00,1993-03-31 14:00:00,61.25,83.0,49.0,,732,1993-03-27 11:00:00,1993-03-29 02:00:00,1993-03-28 07:29:59,3.999959611653184,27.1,140.5,,80.0,9.0,71.0,35.51020408163265,28.0,7.500277777777778,,0,w,1993,0,0,0
5,0,,1993-10-11 05:00:00,1993-10-11 19:00:00,1993-10-15 00:00:00,2.225,3.5,2.6,,742,1993-10-11 01:30:00,1993-10-11 14:00:00,1993-10-11 05:30:01,3.2999999999999914,16.1,0,,91.0,14.0,77.0,57.30337078651685,17.5,13.499722222222223,,0,s,1994,0,0,0
5,2,,1993-12-11 21:00:00,1993-12-12 01:15:00,1993-12-13 23:00:00,3.175,13.0,4.5,,747,1993-12-11 19:00:00,1993-12-12 09:00:00,1993-12-11 21:30:02,1.5996706055046008,6.8,19.200000000000003,,50.0,4.25,45.75,309.4488188976378,6.25,3.7494444444444444,,0,w,1994,0,0,0
5,4,,1993-12-14 22:00:00,1993-12-15 03:15:00,1993-12-17 09:00:00,4.1,10.0,4.5,,749,1993-12-14 20:20:00,1993-12-15 03:00:00,1993-12-14 23:30:01,2.6996415217392373,8.5,38.0,,59.0,5.25,53.75,143.90243902439025,6.916666666666667,3.749722222222222,,0,w,1994,0,0,0
5,8,,1994-01-25 05:00:00,1994-01-25 09:45:00,1994-01-29 23:00:00,4.875,8.3,4.8,,754,1994-01-24 20:30:00,1994-01-26 12:00:00,1994-01-25 06:29:56,8.29913172541802,29.6,4.7,,114.0,4.75,109.25,70.25641025641028,13.25,3.2511111111111113,,0,w,1994,0,0,0
5,9,,1994-02-08 01:00:00,1994-02-08 06:00:00,1994-02-12 10:00:00,10.25,129.0,5.9,,759,1994-02-07 04:30:00,1994-02-08 18:00:00,1994-02-07 08:30:01,6.099435409434681,77.6,38.00000000000001,,105.0,5.0,100.0,1158.5365853658536,25.5,21.49972222222222,,0,w,1994,0,0,0
5,10,,1994-02-17 15:00:00,1994-02-17 21:30:00,1994-02-18 21:00:00,5.55,9.3,6.6,,760,1994-02-17 05:30:00,1994-02-18 00:00:00,1994-02-17 11:30:03,17.883928000006218,34.5,0,,30.0,6.5,23.5,67.5675675675676,16.0,9.999166666666667,,0,w,1994,0,0,0
5,11,,1994-02-18 22:00:00,1994-02-19 07:45:00,1994-02-20 02:00:00,6.6,7.7,6.4,,761,1994-02-18 15:00:00,1994-02-19 09:00:00,1994-02-19 00:30:04,1.3989543478260096,9.1,34.5,,28.0,9.75,18.25,16.66666666666668,16.75,7.248888888888889,,0,w,1994,0,0,0
5,12,,1994-03-07 00:00:00,1994-03-07 03:15:00,1994-03-10 22:00:00,5.85,22.0,5.5,,764,1994-03-06 05:30:00,1994-03-08 01:00:00,1994-03-06 10:33:14,3.7000000000000144,29.1,0,,94.0,3.25,90.75,276.06837606837604,21.75,16.69611111111111,,0,w,1994,0,0,0
5,13,,1994-03-19 20:00:00,1994-03-20 06:00:00,1994-03-22 23:00:00,5.4,12.0,5.7,,765,1994-03-19 10:00:00,1994-03-20 18:00:00,1994-03-19 11:30:01,21.89353306451605,48.8,0,,75.0,10.0,65.0,122.22222222222221,20.0,18.49972222222222,,0,w,1994,0,0,0
5,15,,1994-03-25 02:00:00,1994-03-25 07:45:00,1994-03-27 04:00:00,6.575,45.0,9.0,,767,1994-03-24 20:30:00,1994-03-25 07:00:00,1994-03-25 01:30:02,14.598050000000502,56.50000000000001,62.199999999999996,,50.0,5.75,44.25,584.4106463878326,11.25,6.249444444444444,,0,w,1994,0,0,0
5,16,,1994-04-24 03:00:00,1994-04-24 10:15:00,1994-04-25 00:00:00,3.2,3.5,3.2,,774,1994-04-24 01:30:00,1994-04-24 19:00:00,1994-04-24 16:31:14,4.753887524407242,18.200000000000003,0,,21.0,7.25,13.75,9.374999999999995,8.75,-6.270555555555555,,0,w,1994,0,0,0
5,17,,1994-04-25 19:00:00,1994-04-26 22:45:00,1994-04-27 22:00:00,3.625,11.0,4.5,,775,1994-04-25 16:15:00,1994-04-26 03:00:00,1994-04-25 19:29:55,3.499415728155288,12.5,18.2,,51.0,27.75,23.25,203.44827586206895,30.5,27.25138888888889,,0,w,1994,0,0,0
5,21,,1994-05-17 20:00:00,1994-05-18 02:00:00,1994-05-19 23:00:00,3.35,8.3,3.5,,786,1994-05-17 20:00:00,1994-05-18 03:00:00,1994-05-18 00:29:58,1.599928372092978,6.6,7.4,,51.0,6.0,45.0,147.7611940298508,6.0,1.5005555555555556,,0,s,1994,0,0,0
6,1,,1994-10-05 05:00:00,1994-10-05 17:15:00,1994-10-05 23:00:00,0.7025,6.9,2.65,,793,1994-10-04 00:20:00,1994-10-05 15:00:00,1994-10-04 11:29:58,5.799231292518975,73.89999999999999,9.3,,18.0,12.25,5.75,882.2064056939503,40.916666666666664,29.750555555555554,,0,s,1995,0,0,0
6,3,,1995-01-04 18:00:00,1995-01-05 02:15:00,1995-01-07 14:00:00,3.25,152.0,6.1,,808,1995-01-04 11:00:00,1995-01-05 13:00:00,1995-01-04 22:30:01,10.69951328671171,55.1,106.1,,68.0,8.25,59.75,4576.923076923076,15.25,3.749722222222222,,0,w,1995,0,0,0
6,6,,1995-01-08 19:00:00,1995-01-10 20:00:00,1995-01-12 20:00:00,30.0,1730.0,128.0,,811,1995-01-08 10:00:00,1995-01-11 21:00:00,1995-01-10 11:29:58,19.597024561282183,262.90000000000003,250.3,,97.0,49.0,48.0,5666.666666666666,58.0,8.500555555555556,,0,w,1995,0,0,0
6,9,,1995-01-23 21:00:00,1995-01-25 05:15:00,1995-01-26 12:00:00,14.5,394.0,180.0,,821,1995-01-22 23:00:00,1995-01-26 06:00:00,1995-01-24 07:30:01,5.799472180442592,157.4,22.4,,63.0,32.25,30.75,2617.2413793103447,54.25,21.74972222222222,,0,w,1995,0,0,0
6,12,,1995-02-13 22:00:00,1995-02-14 16:00:00,1995-02-18 08:00:00,15.75,892.0,61.5,,825,1995-02-13 21:08:34,1995-02-15 00:00:00,1995-02-14 06:30:01,21.896291999998738,117.9,36.2,,106.0,18.0,88.0,5563.492063492064,18.857222222222223,9.499722222222223,,0,w,1995,0,0,0
6,15,,1995-03-03 04:00:00,1995-03-03 14:30:00,1995-03-05 00:00:00,23.0,95.0,30.0,,829,1995-03-02 11:00:42,1995-03-04 00:00:00,1995-03-02 11:30:42,8.400777777777778,69.8,5.1000000000000005,,44.0,10.5,33.5,313.04347826086956,27.488333333333333,26.988333333333333,,0,w,1995,0,0,0
6,16,,1995-03-05 01:00:00,1995-03-06 03:30:00,1995-03-09 04:00:00,30.75,551.0,83.75,,832,1995-03-04 20:20:00,1995-03-06 10:00:00,1995-03-05 07:29:58,12.198493333336664,128.1,73.0,,99.0,26.5,72.5,1691.8699186991869,31.166666666666668,20.000555555555554,,0,w,1995,0,0,0
6,18,,1995-03-11 05:00:00,1995-03-11 15:15:00,1995-03-16 03:00:00,69.5,613.0,107.5,,834,1995-03-10 19:00:00,1995-03-12 08:00:00,1995-03-11 04:29:58,34.89813706293515,173.0,162.6,,118.0,10.25,107.75,782.0143884892086,20.25,10.750555555555556,,0,w,1995,0,0,0
6,19,,1995-03-21 10:00:00,1995-03-21 18:15:00,1995-03-23 09:00:00,63.5,218.0,65.0,,835,1995-03-21 05:20:00,1995-03-21 15:00:00,1995-03-21 11:29:58,23.896913461536045,46.2,0,,47.0,8.25,38.75,243.30708661417324,12.916666666666666,6.750555555555556,,0,w,1995,0,0,0
6,21,,1995-06-15 22:00:00,1995-06-16 03:45:00,1995-06-16 14:00:00,9.775,26.0,13.0,,849,1995-06-14 12:30:00,1995-06-15 12:00:00,1995-06-15 08:52:04,0.200000000000001,4.8,0,,16.0,5.75,10.25,165.9846547314578,39.25,18.88222222222222,,0,s,1995,0,0,0
6,22,,1995-06-15 23:00:00,1995-06-17 00:15:00,1995-06-19 01:00:00,11.5,30.0,9.6,,851,1995-06-15 22:12:00,1995-06-16 06:00:00,1995-06-16 01:30:02,19.697434782609463,53.2,4.9,,74.0,25.25,48.75,160.8695652173913,26.05,22.749444444444446,,0,s,1995,0,0,0
7,1,,1995-11-01 03:00:00,1995-11-01 19:00:00,1995-11-06 00:00:00,2.15,2.6,1.9,,855,1995-11-01 03:00:00,1995-11-01 12:00:00,1995-11-01 07:29:58,0.4998949999999332,2.4000000000000004,0.7000000000000001,,117.0,16.0,101.0,20.930232558139544,16.0,11.500555555555556,,0,w,1996,0,0,0
7,3,,1995-12-13 04:00:00,1995-12-13 18:00:00,1995-12-18 03:00:00,1.85,3.7,2.1,,858,1995-12-12 21:00:00,1995-12-13 16:00:00,1995-12-12 23:30:02,4.799843684210542,32.800000000000004,2.4000000000000004,,119.0,14.0,105.0,100.0,21.0,18.499444444444446,,0,w,1996,0,0,0
7,5,,1995-12-23 12:00:00,1995-12-24 14:00:00,1995-12-28 03:00:00,2.4,4.1,2.4,,860,1995-12-23 04:00:00,1995-12-24 00:00:00,1995-12-23 08:29:58,6.0992999999995945,37.2,0,,111.0,26.0,85.0,70.83333333333333,34.0,29.500555555555554,,0,w,1996,0,0,0
7,8,,1996-01-28 09:00:00,1996-01-28 10:15:00,1996-01-29 03:00:00,2.1,2.3,2.1,,871,1996-01-28 02:00:00,1996-01-28 12:00:00,1996-01-28 09:19:37,0.3000000000000007,2.8000000000000003,3.7000000000000006,,18.0,1.25,16.75,9.523809523809511,8.25,0.9230555555555555,,0,w,1996,0,0,0
7,9,,1996-02-20 00:00:00,1996-02-21 14:45:00,1996-02-25 14:00:00,4.45,584.0,23.25,,880,1996-02-18 12:10:00,1996-02-22 05:00:00,1996-02-20 08:30:02,22.69582315794653,336.00000000000006,0.6,,134.0,38.75,95.25,13023.595505617976,74.58333333333333,30.249444444444446,,0,w,1996,0,0,0
7,10,,1996-03-04 23:00:00,1996-03-05 09:15:00,1996-03-11 07:00:00,9.85,77.0,10.0,,885,1996-03-04 09:01:03,1996-03-05 12:00:00,1996-03-04 11:30:05,5.791803142857287,57.50000000000001,16.900000000000002,,152.0,10.25,141.75,681.7258883248732,24.2325,21.74861111111111,,0,w,1996,0,0,0
7,12,,1996-03-12 20:00:00,1996-03-13 08:15:00,1996-03-14 15:00:00,9.9,274.0,80.0,,887,1996-03-12 03:04:36,1996-03-14 12:00:00,1996-03-12 22:29:57,14.197270000023169,108.2,20.4,,43.0,12.25,30.75,2667.6767676767677,29.173333333333332,9.750833333333333,,0,w,1996,0,0,0
7,15,,1996-04-17 00:00:00,1996-04-17 15:15:00,1996-04-20 01:00:00,7.050000000000001,11.0,7.2,,896,1996-04-16 23:07:30,1996-04-17 12:00:00,1996-04-17 10:30:00,2.199943656440433,8.2,13.8,,73.0,15.25,57.75,56.02836879432622,16.125,4.75,,0,w,1996,0,0,0
7,16,,1996-05-16 04:00:00,1996-05-16 21:15:00,1996-05-18 02:00:00,2.7,3.9,3.2,,898,1996-05-16 04:00:00,1996-05-16 07:00:00,1996-05-16 05:30:01,0.2999339999999993,0.7000000000000001,0,,46.0,17.25,28.75,44.44444444444443,17.25,15.749722222222223,,0,s,1996,0,0,0
8,0,,1996-11-21 19:00:00,1996-11-22 15:00:00,1996-11-27 16:00:00,4.2,48.0,1.9,,903,1996-11-21 08:07:30,1996-11-22 14:00:00,1996-11-21 11:29:56,34.68816363636242,113.3,0.1,,141.0,20.0,121.0,1042.8571428571427,30.875,27.50111111111111,,0,w,1997,0,0,0
8,2,,1996-12-09 23:00:00,1996-12-11 12:30:00,1996-12-20 18:00:00,2.5,117.0,3.2,,909,1996-12-09 18:06:39,1996-12-12 12:00:00,1996-12-10 01:30:04,15.998290909091388,175.8,39.900000000000006,,259.0,37.5,221.5,4580.0,42.38916666666667,34.99888888888889,,0,w,1997,0,0,0
8,4,,1996-12-22 17:00:00,1996-12-22 20:45:00,1996-12-23 22:00:00,5.275,569.0,27.25,,911,1996-12-21 21:20:00,1996-12-22 23:00:00,1996-12-22 10:29:55,5.698105507247071,71.7,5.9,,29.0,3.75,25.25,10686.729857819906,23.416666666666668,10.251388888888888,,0,w,1997,0,0,0
8,5,,1997-01-12 19:00:00,1997-01-13 12:15:00,1997-01-14 09:00:00,6.05,28.0,13.0,,922,1997-01-12 06:15:00,1997-01-13 20:00:00,1997-01-12 19:30:01,5.098903759394258,51.2,0,,38.0,17.25,20.75,362.8099173553719,30.0,16.74972222222222,,0,w,1997,0,0,0
8,7,,1997-01-15 17:00:00,1997-01-16 01:00:00,1997-01-16 18:00:00,12.75,89.0,35.75,,924,1997-01-14 19:00:00,1997-01-16 05:00:00,1997-01-15 00:29:59,6.499885409152224,51.3,59.7,,25.0,8.0,17.0,598.0392156862745,30.0,24.50027777777778,,0,w,1997,0,0,0
8,8,,1997-01-20 19:00:00,1997-01-20 23:30:00,1997-01-21 20:00:00,11.0,28.0,14.0,,926,1997-01-20 09:02:36,1997-01-20 23:00:00,1997-01-20 10:30:00,6.29964228675134,23.700000000000003,56.099999999999994,,25.0,4.5,20.5,154.54545454545453,14.456666666666667,13.0,,0,w,1997,0,0,0
8,9,,1997-01-23 05:00:00,1997-01-23 15:00:00,1997-01-24 10:00:00,17.0,51.0,33.0,,927,1997-01-21 13:00:00,1997-01-23 17:00:00,1997-01-23 09:30:04,7.498500000013621,44.7,28.500000000000004,,29.0,10.0,19.0,200.0,50.0,5.498888888888889,,0,w,1997,0,0,0
8,12,,1997-01-25 21:00:00,1997-01-26 10:30:00,1997-01-27 20:00:00,25.75,110.0,66.0,,930,1997-01-25 06:07:30,1997-01-27 07:00:00,1997-01-26 02:29:58,5.299889605207277,82.6,76.10000000000001,,47.0,13.5,33.5,327.18446601941747,28.375,8.000555555555556,,0,w,1997,0,0,0
9,0,,1997-11-26 17:00:00,1997-11-26 20:15:00,1997-11-27 09:00:00,1.95,34.0,11.25,,956,1997-11-25 12:05:27,1997-11-27 08:00:00,1997-11-26 06:30:05,19.370076452525893,93.2,0,,16.0,3.25,12.75,1643.5897435897434,32.159166666666664,13.748611111111112,,0,w,1998,0,0,0
9,2,,1997-12-06 03:00:00,1997-12-06 16:00:00,1997-12-07 23:00:00,2.825,147.0,8.075,,959,1997-12-05 16:00:00,1997-12-07 07:00:00,1997-12-06 11:30:04,11.496707741922656,97.9,40.0,,44.0,13.0,31.0,5103.539823008849,24.0,4.498888888888889,,0,w,1998,0,0,0
9,3,,1998-01-09 23:00:00,1998-01-10 15:45:00,1998-01-13 05:00:00,3.9,62.0,6.4,,974,1998-01-09 08:00:28,1998-01-10 18:00:00,1998-01-09 08:30:28,12.784848484848489,87.1,5.8,,78.0,16.75,61.25,1489.7435897435898,31.74222222222222,31.24222222222222,,0,w,1998,0,0,0
9,6,,1998-02-03 14:00:00,1998-02-03 19:30:00,1998-02-04 20:00:00,4.1,248.0,36.0,,986,1998-02-02 01:30:00,1998-02-04 06:00:00,1998-02-03 11:30:00,9.198273846097123,124.1,44.0,,30.0,5.5,24.5,5948.780487804878,42.0,8.0,,0,w,1998,0,0,0
9,9,,1998-02-08 00:00:00,1998-02-08 06:30:00,1998-02-09 22:00:00,51.0,924.0,71.75,,989,1998-02-07 22:00:00,1998-02-08 15:00:00,1998-02-08 02:29:58,28.098707692309368,98.9,294.20000000000005,,46.0,6.5,39.5,1711.764705882353,8.5,4.000555555555556,,0,w,1998,0,0,0
9,10,,1998-02-22 08:00:00,1998-02-23 22:20:00,1998-03-02 12:00:00,25.4,4380.0,66.0,,997,1998-02-22 05:00:00,1998-02-24 16:00:00,1998-02-22 11:29:55,18.09777454545397,288.1,77.10000000000001,,196.0,38.333333333333336,157.66666666666666,17144.094488188977,41.333333333333336,34.834722222222226,,0,w,1998,0,0,0
9,11,,1998-03-25 09:00:00,1998-03-25 22:15:00,1998-03-27 13:00:00,14.5,149.0,30.25,,1006,1998-03-25 01:30:00,1998-03-26 08:00:00,1998-03-25 10:30:01,32.2946818181847,121.6,0,,52.0,13.25,38.75,927.5862068965517,20.75,11.749722222222223,,0,w,1998,0,0,0
9,13,,1998-03-28 03:00:00,1998-03-28 14:00:00,1998-03-29 05:00:00,33.5,89.0,50.0,,1008,1998-03-27 07:30:00,1998-03-29 04:00:00,1998-03-28 09:30:03,6.499420566314072,42.400000000000006,124.19999999999999,,26.0,11.0,15.0,165.67164179104478,30.5,4.4991666666666665,,0,w,1998,0,0,0
9,16,,1998-04-01 00:00:00,1998-04-01 04:30:00,1998-04-01 20:00:00,36.0,126.0,57.75,,1011,1998-03-31 17:08:34,1998-04-01 09:00:00,1998-04-01 01:30:00,12.9995740740757,41.3,63.70000000000001,,20.0,4.5,15.5,250.0,11.357222222222223,3.0,,0,w,1998,0,0,0
9,17,,1998-04-11 18:00:00,1998-04-12 02:45:00,1998-04-13 02:00:00,42.0,75.0,45.0,,1021,1998-04-09 13:00:00,1998-04-11 12:00:00,1998-04-10 13:29:58,6.997152076966827,16.8,16.400000000000002,,32.0,8.75,23.25,78.57142857142857,61.75,37.25055555555556,,0,w,1998,0,0,0
9,18,,1998-05-02 08:00:00,1998-05-03 11:30:00,1998-05-04 04:00:00,21.0,33.0,21.0,,1026,1998-05-01 13:00:00,1998-05-03 19:00:00,1998-05-02 23:30:04,2.200000000000127,30.500000000000004,0,,44.0,27.5,16.5,57.14285714285714,46.5,11.998888888888889,,0,s,1998,0,0,0
9,20,,1998-05-05 03:00:00,1998-05-05 20:45:00,1998-05-09 07:00:00,26.75,484.0,47.5,,1028,1998-05-04 20:15:00,1998-05-06 21:00:00,1998-05-05 06:30:04,14.996172580644757,133.8,52.2,,100.0,17.75,82.25,1709.3457943925234,24.5,14.248888888888889,,0,s,1998,0,0,0
9,24,,1998-05-12 17:00:00,1998-05-13 00:30:00,1998-05-16 03:00:00,34.25,384.0,123.6,,1037,1998-05-12 17:00:00,1998-05-14 07:00:00,1998-05-12 20:29:57,13.997384615384412,129.2,33.7,,82.0,7.5,74.5,1021.1678832116788,7.5,4.0008333333333335,,0,s,1998,0,0,0
9,25,,1998-09-01 04:00:00,1998-09-01 13:00:00,1998-09-02 01:00:00,2.7,3.9,2.6,,1050,1998-09-01 03:00:00,1998-09-01 12:00:00,1998-09-01 03:30:00,0.5,3.7,0,,21.0,9.0,12.0,44.44444444444443,10.0,9.5,,0,s,1998,0,0,0
9,26,,1998-09-03 00:00:00,1998-09-03 05:15:00,1998-09-04 01:00:00,3.0,4.3,3.0,,1051,1998-09-02 19:10:00,1998-09-02 23:00:00,1998-09-02 21:30:01,1.899475777777796,3.0000000000000004,3.7,,25.0,5.25,19.75,43.33333333333333,10.083333333333334,7.749722222222222,,0,s,1998,0,0,0
10,1,,1998-12-04 03:00:00,1998-12-04 19:45:00,1998-12-05 23:00:00,4.1,4.7,3.7,,1069,1998-12-03 22:00:00,1998-12-04 06:00:00,1998-12-04 02:29:58,0.5999299999999548,2.6,50.8,,44.0,16.75,27.25,14.634146341463428,21.75,17.250555555555554,,0,w,1999,0,0,0
10,6,,1999-01-26 16:00:00,1999-01-26 21:15:00,1999-01-30 16:00:00,6.675,16.0,4.3,,1079,1999-01-26 12:30:00,1999-01-30 05:00:00,1999-01-26 16:30:01,6.09976686061235,53.50000000000001,46.8,,96.0,5.25,90.75,139.7003745318352,8.75,4.749722222222222,,0,w,1999,0,0,0
10,9,,1999-02-05 08:00:00,1999-02-05 09:15:00,1999-02-06 05:00:00,5.05,5.3,4.9,,1083,1999-02-05 08:00:00,1999-02-05 23:00:00,1999-02-05 15:30:02,0.6999357509728141,3.8,22.6,,21.0,1.25,19.75,4.9504950495049505,1.25,-6.250555555555556,,0,w,1999,0,0,0
10,11,,1999-03-09 16:00:00,1999-03-09 18:45:00,1999-03-10 23:00:00,3.2,3.4,3.2,,1088,1999-03-09 14:12:00,1999-03-09 19:00:00,1999-03-09 16:30:00,0.7998440000000051,2.1,8.200000000000001,,31.0,2.75,28.25,6.249999999999992,4.55,2.25,,0,w,1999,0,0,0
10,12,,1999-03-11 16:00:00,1999-03-11 17:15:00,1999-03-13 01:00:00,3.2,3.4,3.1,,1089,1999-03-11 15:30:00,1999-03-11 20:00:00,1999-03-11 16:30:03,0.3999000000000015,1.1,2.1,,33.0,1.25,31.75,6.249999999999992,1.75,0.7491666666666666,,0,w,1999,0,0,0
10,15,,1999-04-06 18:00:00,1999-04-07 03:45:00,1999-04-09 01:00:00,4.25,20.0,7.875,,1105,1999-04-05 12:30:00,1999-04-08 00:00:00,1999-04-07 00:30:03,5.3996090909075605,74.1,12.200000000000001,,55.0,9.75,45.25,370.5882352941177,39.25,3.2491666666666665,,0,w,1999,0,0,0
10,18,,1999-04-09 02:00:00,1999-04-09 12:00:00,1999-04-10 11:00:00,7.949999999999999,9.5,6.6,,1108,1999-04-09 00:00:00,1999-04-09 06:00:00,1999-04-09 02:30:02,4.3991149425287706,10.7,79.30000000000001,,33.0,10.0,23.0,19.49685534591196,12.0,9.499444444444444,,0,w,1999,0,0,0
10,21,,1999-04-12 00:00:00,1999-04-12 12:15:00,1999-04-14 07:00:00,6.6,13.0,8.8,,1111,1999-04-10 13:00:00,1999-04-13 00:00:00,1999-04-12 21:29:54,5.099679330027797,58.00000000000001,87.4,,55.0,12.25,42.75,96.96969696969698,47.25,-9.248333333333333,,0,w,1999,0,0,0
11,0,,2000-02-10 21:00:00,2000-02-11 01:45:00,2000-02-11 12:00:00,1.8,24.0,12.0,,1150,2000-02-10 12:30:00,2000-02-11 08:00:00,2000-02-10 22:30:02,13.494661997700591,49.00000000000001,0,,15.0,4.75,10.25,1233.3333333333333,13.25,3.2494444444444444,,0,w,2000,0,0,0
11,1,,2000-02-12 09:00:00,2000-02-12 14:00:00,2000-02-13 14:00:00,4.85,42.0,7.2,,1151,2000-02-12 05:00:00,2000-02-12 14:00:00,2000-02-12 10:29:59,15.999999999994564,47.400000000000006,49.0,,29.0,5.0,24.0,765.979381443299,9.0,3.500277777777778,,0,w,2000,0,0,0
11,5,,2000-03-04 03:00:00,2000-03-04 06:15:00,2000-03-05 01:00:00,8.4,12.0,9.1,,1161,2000-03-03 11:30:00,2000-03-04 09:00:00,2000-03-04 04:29:58,2.399319611656105,14.1,26.8,,22.0,3.25,18.75,42.85714285714285,18.75,1.7505555555555556,,0,w,2000,0,0,0
11,6,,2000-03-05 14:00:00,2000-03-05 22:00:00,2000-03-06 22:00:00,12.0,227.0,34.75,,1162,2000-03-04 21:00:00,2000-03-06 21:00:00,2000-03-06 01:29:57,20.28870476200377,153.8,14.1,,32.0,8.0,24.0,1791.6666666666667,25.0,-3.4991666666666665,,0,w,2000,0,0,0
11,7,,2000-04-14 20:00:00,2000-04-15 08:45:00,2000-04-16 00:00:00,3.025,5.6,3.9,,1168,2000-04-14 18:08:34,2000-04-15 02:00:00,2000-04-14 21:30:00,2.4996896666668955,6.6,4.6000000000000005,,28.0,12.75,15.25,85.12396694214875,14.607222222222223,11.25,,0,w,2000,0,0,0
11,9,,2000-04-17 19:00:00,2000-04-18 02:15:00,2000-04-23 03:00:00,4.2,124.0,6.9,,1170,2000-04-17 10:00:00,2000-04-18 21:00:00,2000-04-17 19:30:04,15.49636645962763,134.6,14.700000000000001,,128.0,7.25,120.75,2852.3809523809523,16.25,6.748888888888889,,0,w,2000,0,0,0
11,10,,2000-05-16 07:00:00,2000-05-17 03:15:00,2000-05-18 00:00:00,3.4,4.1,3.35,,1173,2000-05-16 07:00:00,2000-05-16 10:00:00,2000-05-16 09:28:50,0.2000000000000001,0.7000000000000001,0,,41.0,20.25,20.75,20.58823529411764,20.25,17.769444444444446,,0,s,2000,0,0,0
12,0,,2001-01-06 05:00:00,2001-01-06 06:45:00,2001-01-07 00:00:00,0.77,0.86,0.77,,1196,2001-01-06 00:00:00,2001-01-06 06:00:00,2001-01-06 00:30:00,1.0,2.7,0,,19.0,1.75,17.25,11.688311688311684,6.75,6.25,,0,w,2001,0,0,0
12,1,,2001-01-09 00:00:00,2001-01-09 01:15:00,2001-01-09 08:00:00,0.86,0.97,0.86,,1197,2001-01-08 13:00:00,2001-01-09 07:00:00,2001-01-08 20:30:02,1.3992292173919254,5.7,2.7,,8.0,1.25,6.75,12.790697674418603,12.25,4.749444444444444,,0,w,2001,0,0,0
12,3,,2001-01-11 07:00:00,2001-01-11 15:30:00,2001-01-18 00:00:00,7.125,100.0,1.9,,1199,2001-01-10 23:00:00,2001-01-12 22:00:00,2001-01-11 15:30:00,20.898508439877745,182.4,10.100000000000001,,161.0,8.5,152.5,1303.5087719298244,16.5,0.0,,0,w,2001,0,0,0
12,6,,2001-02-12 08:00:00,2001-02-13 12:45:00,2001-02-16 19:00:00,4.25,348.0,15.0,,1206,2001-02-11 21:00:00,2001-02-15 12:00:00,2001-02-13 07:31:10,22.9999999999917,234.4,29.300000000000004,,107.0,28.75,78.25,8088.235294117647,39.75,5.230555555555555,,0,w,2001,0,0,0
12,8,,2001-02-23 15:00:00,2001-02-23 16:30:00,2001-02-24 00:00:00,11.0,12.0,11.0,,1209,2001-02-23 13:10:00,2001-02-23 22:00:00,2001-02-23 14:29:59,1.999995333333328,6.9,25.5,,9.0,1.5,7.5,9.090909090909092,3.3333333333333335,2.000277777777778,,0,w,2001,0,0,0
12,9,,2001-02-24 22:00:00,2001-02-26 12:30:00,2001-02-27 17:00:00,12.25,76.0,29.75,,1210,2001-02-24 16:00:00,2001-02-26 18:00:00,2001-02-26 08:29:59,4.599877201861787,96.9,11.100000000000001,,67.0,38.5,28.5,520.4081632653061,44.5,4.000277777777778,,0,w,2001,0,0,0
12,10,,2001-03-05 06:00:00,2001-03-06 15:00:00,2001-03-09 10:00:00,15.75,251.0,30.0,,1213,2001-03-04 12:04:17,2001-03-07 16:00:00,2001-03-05 08:29:58,5.299494677876254,98.1,66.1,,100.0,33.0,67.0,1493.6507936507937,50.92861111111111,30.500555555555554,,0,w,2001,0,0,0
12,11,,2001-04-04 13:00:00,2001-04-04 14:15:00,2001-04-05 12:00:00,6.375,6.6,6.3,,1217,2001-04-04 13:00:00,2001-04-05 12:00:00,2001-04-05 08:57:43,0.1000000000000005,2.4000000000000004,0,,23.0,1.25,21.75,3.529411764705877,1.25,-18.711944444444445,,0,w,2001,0,0,0
13,0,,2001-10-30 20:00:00,2001-10-30 22:15:00,2001-11-01 23:00:00,0.16,0.24,0.16,,1229,2001-10-30 20:00:00,2001-10-31 03:00:00,2001-10-30 21:55:28,1.1000000000000008,5.0,0.6000000000000001,,51.0,2.25,48.75,49.999999999999986,2.25,0.32555555555555554,,0,s,2002,0,0,0
13,2,,2001-11-11 13:00:00,2001-11-11 18:45:00,2001-11-12 20:00:00,0.24,0.36,0.2,,1231,2001-11-11 13:00:00,2001-11-11 20:00:00,2001-11-11 15:29:56,0.699899980582521,2.6,0,,31.0,5.75,25.25,50.0,5.75,3.2511111111111113,,0,w,2002,0,0,0
13,3,,2001-11-13 00:00:00,2001-11-13 03:15:00,2001-11-13 23:00:00,0.265,1.5,0.42,,1232,2001-11-12 23:00:00,2001-11-13 06:00:00,2001-11-13 02:29:57,9.597852631578672,18.700000000000003,2.6,,23.0,3.25,19.75,466.03773584905656,4.25,0.7508333333333334,,0,w,2002,0,0,0
13,6,,2001-12-21 04:00:00,2001-12-21 10:30:00,2001-12-22 12:00:00,1.175,2.6,1.6,,1247,2001-12-21 02:00:00,2001-12-22 01:00:00,2001-12-21 15:29:57,15.491493805331668,47.400000000000006,2.1,,32.0,6.5,25.5,121.27659574468086,8.5,-4.9991666666666665,,0,w,2002,0,0,0
13,7,,2001-12-22 20:00:00,2001-12-23 02:15:00,2001-12-27 22:00:00,1.6,2.0,1.3,,1248,2001-12-22 07:00:00,2001-12-22 12:00:00,2001-12-22 10:29:57,0.1999319999999875,0.7000000000000001,49.50000000000001,,122.0,6.25,115.75,24.999999999999993,19.25,15.750833333333333,,0,w,2002,0,0,0
13,8,,2002-01-28 02:00:00,2002-01-28 10:15:00,2002-01-28 20:00:00,1.85,41.0,14.25,,1255,2002-01-27 19:12:00,2002-01-28 06:00:00,2002-01-27 23:30:03,18.39912842105293,78.1,0,,18.0,8.25,9.75,2116.2162162162163,15.05,10.749166666666667,,0,w,2002,0,0,0
14,0,,2002-11-09 22:00:00,2002-11-10 03:15:00,2002-11-12 23:00:00,3.65,23.0,1.4,,1281,2002-11-07 21:00:00,2002-11-10 07:00:00,2002-11-09 20:30:01,13.19499354855813,190.5,0,,73.0,5.25,67.75,530.1369863013699,54.25,6.749722222222222,,0,w,2003,0,0,0
14,1,,2002-12-15 20:00:00,2002-12-15 21:30:00,2002-12-15 22:00:00,0.69,0.77,0.69,,1284,2002-12-15 08:30:00,2002-12-15 15:00:00,2002-12-15 13:30:02,0.2999350000000274,1.5000000000000002,0,,2.0,1.5,0.5,11.594202898550735,13.0,7.999444444444444,,0,w,2003,0,0,0
14,2,,2002-12-16 23:00:00,2002-12-17 04:10:00,2002-12-19 23:00:00,1.8,25.0,2.1,,1285,2002-12-16 11:30:00,2002-12-17 08:00:00,2002-12-16 21:29:56,15.698121739130972,60.50000000000001,1.5,,72.0,5.166666666666667,66.83333333333333,1288.8888888888887,16.666666666666668,6.667777777777777,,0,w,2003,0,0,0
14,5,,2003-02-25 07:00:00,2003-02-25 18:00:00,2003-02-27 10:00:00,3.7,15.0,5.699999999999999,,1296,2003-02-24 20:00:00,2003-02-26 02:00:00,2003-02-25 07:30:01,14.19695878259894,63.900000000000006,0.8,,51.0,11.0,40.0,305.4054054054054,22.0,10.499722222222223,,0,w,2003,0,0,0
14,6,,2003-03-15 18:00:00,2003-03-16 08:05:00,2003-03-17 10:00:00,4.75,217.0,29.75,,1304,2003-03-15 10:00:00,2003-03-16 13:00:00,2003-03-15 17:29:56,22.39504278074697,197.5,0,,40.0,14.083333333333334,25.916666666666668,4468.421052631579,22.083333333333332,14.584444444444445,,0,w,2003,0,0,0
14,7,,2003-04-14 11:00:00,2003-04-15 01:30:00,2003-04-17 22:00:00,4.1,78.0,8.4,,1307,2003-04-13 08:00:00,2003-04-15 12:00:00,2003-04-14 23:29:58,8.998631379301898,94.3,0,,83.0,14.5,68.5,1802.4390243902442,41.5,2.0005555555555556,,0,w,2003,0,0,0
14,8,,2003-05-03 15:00:00,2003-05-03 21:30:00,2003-05-07 19:00:00,7.65,35.0,7.2,,1310,2003-05-02 23:00:00,2003-05-04 10:00:00,2003-05-03 15:29:54,8.599454545455814,83.9,0,,100.0,6.5,93.5,357.51633986928107,22.5,6.001666666666667,,0,s,2003,0,0,0
15,7,,2003-12-07 01:00:00,2003-12-07 14:00:00,2003-12-09 01:00:00,0.24,0.42,0.36,,1326,2003-12-06 12:02:36,2003-12-08 06:00:00,2003-12-06 12:32:36,2.204333333333333,6.2,0,,48.0,13.0,35.0,75.0,25.956666666666667,25.456666666666667,,0,w,2004,0,0,0
15,8,,2003-12-14 21:00:00,2003-12-14 23:00:00,2003-12-15 17:00:00,0.59,0.77,0.59,,1327,2003-12-14 19:00:00,2003-12-15 02:00:00,2003-12-14 20:30:01,0.6998678715953295,2.5000000000000004,0,,20.0,2.0,18.0,30.508474576271194,4.0,2.499722222222222,,0,w,2004,0,0,0
15,9,,2003-12-23 23:00:00,2003-12-24 17:30:00,2003-12-24 19:00:00,0.59,0.77,0.69,,1328,2003-12-23 18:00:00,2003-12-23 22:00:00,2003-12-23 20:30:02,0.1999340000000027,0.6,0,,20.0,18.5,1.5,30.508474576271194,23.5,20.999444444444446,,0,w,2004,0,0,0
15,10,,2003-12-25 21:00:00,2003-12-26 02:25:00,2003-12-31 19:00:00,1.925,160.0,1.5,,1329,2003-12-24 20:00:00,2003-12-26 05:00:00,2003-12-25 22:30:00,14.499616666656316,51.2,0.6000000000000001,,142.0,5.416666666666667,136.58333333333334,8211.688311688311,30.416666666666668,3.9166666666666665,,0,w,2004,0,0,0
15,12,,2004-02-22 13:00:00,2004-02-22 21:45:00,2004-02-25 22:00:00,4.85,17.0,4.1,,1337,2004-02-21 21:30:00,2004-02-23 17:00:00,2004-02-22 07:30:02,5.599291249999775,73.3,35.7,,81.0,8.75,72.25,250.5154639175258,24.25,14.249444444444444,,0,w,2004,0,0,0
15,14,,2004-02-26 04:00:00,2004-02-26 13:15:00,2004-02-29 23:00:00,5.699999999999999,705.0,10.0,,1340,2004-02-25 20:00:00,2004-02-26 20:00:00,2004-02-26 08:30:08,12.800000000000727,98.6,82.2,,91.0,9.25,81.75,12268.42105263158,17.25,4.747777777777777,,0,w,2004,0,0,0
16,0,,2004-10-17 08:00:00,2004-10-17 15:45:00,2004-10-18 14:00:00,0.255,1.3,0.36,,1354,2004-10-17 06:00:00,2004-10-18 07:00:00,2004-10-17 08:30:02,5.899272918032822,39.1,0,,30.0,7.75,22.25,409.8039215686274,9.75,7.249444444444444,,0,s,2005,0,0,0
16,2,,2004-10-20 03:00:00,2004-10-20 10:50:00,2004-10-25 21:00:00,0.7424999999999999,892.0,3.9,,1356,2004-10-19 17:00:00,2004-10-21 07:00:00,2004-10-20 04:29:55,24.690221176473067,197.9,59.5,,138.0,7.833333333333333,130.16666666666666,120034.68013468017,17.833333333333332,6.334722222222222,,0,s,2005,0,0,0
16,4,,2004-10-27 03:00:00,2004-10-27 07:15:00,2004-11-03 07:00:00,4.9,286.0,6.675,,1358,2004-10-26 22:30:00,2004-10-27 13:00:00,2004-10-27 08:29:56,10.998507177033488,86.6,0.3,,172.0,4.25,167.75,5736.734693877551,8.75,-1.248888888888889,,0,s,2005,0,0,0
16,7,,2004-12-28 10:00:00,2004-12-29 08:45:00,2004-12-31 13:00:00,6.074999999999999,802.0,84.5,,1376,2004-12-28 01:00:00,2004-12-30 01:00:00,2004-12-28 14:29:57,22.599047058822592,329.50000000000006,1.9,,75.0,22.75,52.25,13101.64609053498,31.75,18.250833333333333,,0,w,2005,0,0,0
16,10,,2005-01-07 17:00:00,2005-01-10 01:05:00,2005-01-16 23:00:00,52.0,3540.0,117.0,,1382,2005-01-07 12:01:00,2005-01-11 14:00:00,2005-01-09 07:30:02,12.999267432961858,418.4,46.5,,222.0,56.083333333333336,165.91666666666666,6707.692307692308,61.06666666666667,17.58277777777778,,0,w,2005,0,0,0
16,12,,2005-02-18 18:00:00,2005-02-21 10:45:00,2005-03-02 17:00:00,41.5,1510.0,113.5,,1394,2005-02-18 10:06:39,2005-02-23 15:00:00,2005-02-21 23:30:00,14.296803849509502,398.7000000000001,17.6,,287.0,64.75,222.25,3538.5542168674697,72.63916666666667,-12.75,,0,w,2005,0,0,0
17,0,,2005-10-16 04:00:00,2005-10-16 11:15:00,2005-10-17 02:00:00,2.1500000000000004,2.7,2.4,,1431,2005-10-16 01:10:00,2005-10-16 09:00:00,2005-10-16 07:29:59,6.399880631577017,18.200000000000003,0,,22.0,7.25,14.75,25.581395348837198,10.083333333333334,3.750277777777778,,0,s,2006,0,0,0
17,2,,2005-11-09 21:00:00,2005-11-11 15:30:00,2005-11-13 05:00:00,3.1,3.7,3.35,,1438,2005-11-09 14:30:00,2005-11-11 00:00:00,2005-11-10 17:30:04,0.7000000000000028,6.6,0,,80.0,42.5,37.5,19.35483870967742,49.0,21.99888888888889,,0,w,2006,0,0,0
17,3,,2005-12-31 21:00:00,2006-01-01 00:45:00,2006-01-02 08:00:00,3.175,27.0,6.6,,1445,2005-12-31 18:00:00,2006-01-01 06:00:00,2005-12-31 21:30:03,16.387673913044864,38.0,0,,35.0,3.75,31.25,750.3937007874016,6.75,3.2491666666666665,,0,w,2006,0,0,0
17,4,,2006-01-02 12:00:00,2006-01-02 20:15:00,2006-01-07 19:00:00,7.949999999999999,1120.0,5.3,,1447,2006-01-01 18:20:00,2006-01-03 06:00:00,2006-01-02 17:30:00,22.39967794116505,114.6,38.1,,127.0,8.25,118.75,13988.050314465409,25.916666666666668,2.75,,0,w,2006,0,0,0
17,5,,2006-02-28 02:00:00,2006-02-28 12:45:00,2006-03-02 16:00:00,4.2,463.0,15.0,,1456,2006-02-27 19:15:00,2006-02-28 18:00:00,2006-02-28 07:30:00,13.49960904976988,135.3,0,,62.0,10.75,51.25,10923.809523809525,17.5,5.25,,0,w,2006,0,0,0
17,8,,2006-03-28 18:00:00,2006-03-29 06:00:00,2006-03-29 10:00:00,10.0,195.0,86.0,,1471,2006-03-28 02:00:00,2006-03-29 06:00:00,2006-03-29 00:30:02,14.09967876922967,108.4,1.2,,16.0,12.0,4.0,1850.0,28.0,5.499444444444444,,0,w,2006,0,0,0
17,9,,2006-03-29 11:00:00,2006-03-29 14:30:00,2006-04-01 18:00:00,86.25,95.0,30.0,,1472,2006-03-29 09:30:00,2006-03-29 13:00:00,2006-03-29 12:29:59,1.5999859999998938,2.3000000000000003,109.60000000000001,,79.0,3.5,75.5,10.144927536231885,5.0,2.000277777777778,,0,w,2006,0,0,0
17,12,,2006-04-01 11:00:00,2006-04-01 19:00:00,2006-04-02 07:00:00,21.0,31.0,23.0,,1475,2006-04-01 06:00:00,2006-04-02 00:00:00,2006-04-01 14:30:03,2.9994180000002206,20.800000000000004,113.89999999999999,,20.0,8.0,12.0,47.61904761904761,13.0,4.4991666666666665,,0,w,2006,0,0,0
17,15,,2006-04-04 16:00:00,2006-04-05 04:00:00,2006-04-13 05:00:00,17.5,220.0,19.75,,1478,2006-04-04 08:00:00,2006-04-06 02:00:00,2006-04-05 01:29:56,9.195751132082291,89.2,28.8,,205.0,12.0,193.0,1157.142857142857,20.0,2.5011111111111113,,0,w,2006,0,0,0
17,16,,2006-04-14 20:00:00,2006-04-15 04:30:00,2006-04-18 08:00:00,18.0,36.0,17.5,,1480,2006-04-14 16:20:00,2006-04-15 12:00:00,2006-04-14 19:30:01,7.799708026755971,32.1,2.5,,84.0,8.5,75.5,100.0,12.166666666666666,8.999722222222223,,0,w,2006,0,0,0
18,0,,2006-12-16 17:00:00,2006-12-17 05:45:00,2006-12-18 00:00:00,1.4,1.9,1.6,,1500,2006-12-16 13:00:00,2006-12-17 06:00:00,2006-12-16 21:29:57,4.797966315788296,23.500000000000004,0,,31.0,12.75,18.25,35.714285714285715,16.75,8.250833333333333,,0,w,2007,0,0,0
18,1,,2007-01-28 02:00:00,2007-01-28 23:30:00,2007-01-29 01:00:00,1.4249999999999998,2.2,1.6,,1507,2007-01-27 18:00:00,2007-01-28 16:00:00,2007-01-27 22:29:58,1.699894032470305,12.1,0,,23.0,21.5,1.5,54.38596491228074,29.5,25.000555555555554,,0,w,2007,0,0,0
18,2,,2007-01-30 20:00:00,2007-01-31 01:00:00,2007-02-01 23:00:00,1.625,2.4,1.775,,1508,2007-01-30 19:01:27,2007-01-31 17:00:00,2007-01-30 20:29:58,4.499773636363653,16.200000000000003,12.1,,51.0,5.0,46.0,47.692307692307686,5.975833333333333,4.500555555555556,,0,w,2007,0,0,0
18,4,,2007-02-11 12:00:00,2007-02-11 21:15:00,2007-02-13 00:00:00,1.5,3.4,1.9,,1510,2007-02-11 09:20:00,2007-02-11 18:00:00,2007-02-11 13:30:02,8.295973177344585,17.200000000000003,1.3,,36.0,9.25,26.75,126.66666666666666,11.916666666666666,7.749444444444444,,0,w,2007,0,0,0
18,5,,2007-02-22 21:00:00,2007-02-23 11:45:00,2007-02-24 06:00:00,1.625,2.6,1.9,,1513,2007-02-22 13:00:00,2007-02-23 06:00:00,2007-02-23 00:30:01,2.799909374999717,15.5,15.5,,33.0,14.75,18.25,60.00000000000001,22.75,11.249722222222223,,0,w,2007,0,0,0
18,8,,2007-04-20 14:00:00,2007-04-21 03:00:00,2007-04-25 02:00:00,0.86,3.4,1.5,,1521,2007-04-20 12:04:17,2007-04-20 23:00:00,2007-04-20 18:29:59,14.19912820512468,42.00000000000001,1.6,,108.0,13.0,95.0,295.3488372093023,14.928611111111111,8.500277777777777,,0,w,2007,0,0,0
19,1,,2007-12-19 07:00:00,2007-12-19 13:45:00,2007-12-24 19:00:00,4.4375,15.0,1.99,,1535,2007-12-18 08:20:00,2007-12-19 16:00:00,2007-12-19 05:30:04,6.7995439353079625,48.7,0.7000000000000001,,132.0,6.75,125.25,238.0281690140845,29.416666666666668,8.248888888888889,,0,w,2008,0,0,0
19,2,,2008-01-05 03:00:00,2008-01-05 09:45:00,2008-01-06 04:00:00,1.97,769.0,31.725,,1539,2008-01-04 12:30:00,2008-01-05 13:00:00,2008-01-05 08:30:02,17.594319534839684,103.9,0,,25.0,6.75,18.25,38935.53299492386,21.25,1.2494444444444444,,0,w,2008,0,0,0
19,3,,2008-01-22 10:00:00,2008-01-22 13:15:00,2008-01-23 09:00:00,3.44,3.73,3.4,,1544,2008-01-22 09:00:00,2008-01-22 16:00:00,2008-01-22 14:30:05,0.2,0.9,0.2,,23.0,3.25,19.75,8.430232558139537,4.25,-1.2513888888888889,,0,w,2008,0,0,0
19,5,,2008-01-24 03:00:00,2008-01-24 07:15:00,2008-01-24 20:00:00,4.23,21.3,9.89,,1546,2008-01-23 10:00:00,2008-01-23 12:00:00,2008-01-23 10:30:00,0.1,0.3,3.9000000000000004,,17.0,4.25,12.75,403.5460992907802,21.25,20.75,,0,w,2008,0,0,0
19,7,,2008-01-25 01:00:00,2008-01-25 15:00:00,2008-01-26 18:00:00,10.4,557.0,41.4,,1548,2008-01-24 12:04:00,2008-01-25 23:00:00,2008-01-25 12:30:03,23.893359999961906,158.0,41.2,,41.0,14.0,27.0,5255.7692307692305,26.933333333333334,2.4991666666666665,,0,w,2008,0,0,0
19,8,,2008-01-27 05:00:00,2008-01-28 14:00:00,2008-02-02 05:00:00,35.8,892.0,31.55,,1549,2008-01-27 02:00:00,2008-01-28 17:00:00,2008-01-27 09:30:02,13.49267446154412,152.7,199.2,,144.0,33.0,111.0,2391.620111731844,36.0,28.499444444444446,,0,w,2008,0,0,0
20,0,,2008-10-04 14:00:00,2008-10-04 20:15:00,2008-10-06 00:00:00,0.16,0.24,0.1,,1567,2008-10-04 14:00:00,2008-10-05 06:00:00,2008-10-04 23:29:58,0.3999630000000089,2.9000000000000004,0,,34.0,6.25,27.75,49.999999999999986,6.25,-3.2494444444444444,,0,s,2009,0,0,0
20,1,,2008-11-01 17:00:00,2008-11-02 13:15:00,2008-11-03 00:00:00,0.1,0.24,0.13,,1568,2008-11-01 16:01:15,2008-11-02 01:00:00,2008-11-01 22:30:03,6.7933883270464825,15.7,0,,31.0,20.25,10.75,139.99999999999997,21.229166666666668,14.749166666666667,,0,w,2009,0,0,0
20,2,,2008-11-04 11:00:00,2008-11-04 18:00:00,2008-11-05 02:00:00,0.16,0.24,0.16,,1571,2008-11-04 10:00:00,2008-11-04 19:00:00,2008-11-04 12:30:02,0.3999340000000028,2.1,16.099999999999998,,15.0,7.0,8.0,49.999999999999986,8.0,5.499444444444444,,0,w,2009,0,0,0
20,3,,2008-12-22 15:00:00,2008-12-22 20:15:00,2008-12-23 14:00:00,2.1,2.32,2.1,,1578,2008-12-22 14:00:00,2008-12-23 03:00:00,2008-12-22 16:29:56,0.6998999805825209,4.3,19.5,,23.0,5.25,17.75,10.476190476190464,6.25,3.7511111111111113,,0,w,2009,0,0,0
20,4,,2008-12-25 22:00:00,2008-12-26 10:15:00,2008-12-30 23:00:00,3.5625,9.51,2.375,,1579,2008-12-24 17:00:00,2008-12-26 00:00:00,2008-12-25 19:30:00,3.799907720361809,24.800000000000004,4.3,,121.0,12.25,108.75,166.94736842105263,41.25,14.75,,0,w,2009,0,0,0
20,5,,2009-02-06 14:00:00,2009-02-07 07:45:00,2009-02-08 15:00:00,9.62,270.0,30.15,,1585,2009-02-05 20:12:00,2009-02-08 04:00:00,2009-02-07 05:30:01,10.298868983938178,142.9,0,,49.0,17.75,31.25,2706.6528066528062,35.55,2.249722222222222,,0,w,2009,0,0,0
20,6,,2009-02-09 11:00:00,2009-02-09 17:15:00,2009-02-10 04:00:00,20.925,43.2,30.5,,1586,2009-02-08 15:00:00,2009-02-10 00:00:00,2009-02-09 11:29:59,1.999895922336414,13.7,142.9,,17.0,6.25,10.75,106.45161290322582,26.25,5.750277777777778,,0,w,2009,0,0,0
20,8,,2009-02-13 21:00:00,2009-02-14 04:30:00,2009-02-15 04:00:00,10.5,19.3,10.7,,1589,2009-02-13 20:04:17,2009-02-14 00:00:00,2009-02-13 22:30:00,5.899409211553524,13.0,14.3,,31.0,7.5,23.5,83.80952380952381,8.428611111111111,6.0,,0,w,2009,0,0,0
20,9,,2009-02-16 14:00:00,2009-02-17 04:15:00,2009-02-18 17:00:00,10.6,42.3,25.35,,1590,2009-02-16 12:01:13,2009-02-18 02:00:00,2009-02-16 14:30:03,11.797109593496009,80.9,13.6,,51.0,14.25,36.75,299.05660377358487,16.22972222222222,13.749166666666667,,0,w,2009,0,0,0
20,10,,2009-04-08 02:00:00,2009-04-09 00:30:00,2009-04-13 01:00:00,2.1,2.82,2.29,,1597,2009-04-08 01:15:00,2009-04-08 06:00:00,2009-04-08 02:30:05,0.9993966165413556,2.4000000000000004,0,,119.0,22.5,96.5,34.28571428571428,23.25,21.99861111111111,,0,w,2009,0,0,0
21,0,,2009-10-14 08:00:00,2009-10-14 17:15:00,2009-10-15 02:00:00,1.9225,13.7,7.02,,1604,2009-10-13 12:05:00,2009-10-14 23:00:00,2009-10-14 08:30:05,3.699999999999904,72.3,0,,18.0,9.25,8.75,612.6137841352405,29.166666666666668,8.748611111111112,,0,s,2010,0,0,0
21,1,,2009-12-07 18:00:00,2009-12-07 23:00:00,2009-12-09 01:00:00,1.7775,50.0,3.175,,1609,2009-12-07 10:00:00,2009-12-08 02:00:00,2009-12-07 20:29:59,10.499999999990408,54.00000000000001,0,,31.0,5.0,26.0,2712.939521800281,13.0,2.500277777777778,,0,w,2010,0,0,0
21,3,,2009-12-12 13:00:00,2009-12-13 10:20:00,2009-12-13 20:00:00,8.9675,607.0,28.6,,1611,2009-12-11 23:00:00,2009-12-13 16:00:00,2009-12-13 02:30:02,6.900000000000546,77.0,84.9,,31.0,21.333333333333332,9.666666666666666,6668.88764984667,35.333333333333336,7.832777777777777,,0,w,2010,0,0,0
21,4,,2010-01-18 08:00:00,2010-01-18 22:35:00,2010-01-19 17:00:00,3.2675,4320.0,37.8,,1614,2010-01-17 21:12:00,2010-01-19 01:00:00,2010-01-18 22:29:58,14.499006896568332,86.1,8.4,,33.0,14.583333333333334,18.416666666666668,132111.17061973986,25.383333333333333,0.08388888888888889,,0,w,2010,0,0,0
21,5,,2010-01-20 18:00:00,2010-01-21 00:00:00,2010-01-21 16:00:00,35.650000000000006,274.0,36.15,,1615,2010-01-19 18:00:00,2010-01-20 00:00:00,2010-01-19 20:30:02,11.295130777988804,24.200000000000003,86.10000000000001,,22.0,6.0,16.0,668.5834502103786,30.0,27.499444444444446,,0,w,2010,0,0,0
21,6,,2010-01-21 12:00:00,2010-01-21 23:30:00,2010-01-23 20:00:00,35.65,1370.0,36.37916666666666,,1616,2010-01-20 10:00:00,2010-01-21 04:00:00,2010-01-20 23:29:57,14.094220242923878,50.6,110.30000000000001,,56.0,11.5,44.5,3742.9172510518933,37.5,24.000833333333333,,0,w,2010,0,0,0
21,7,,2010-02-06 00:00:00,2010-02-06 13:45:00,2010-02-07 23:00:00,6.22,4620.0,28.875,,1619,2010-02-05 19:00:00,2010-02-07 05:00:00,2010-02-06 13:29:57,19.59622510123865,127.9,0,,47.0,13.75,33.25,74176.5273311897,18.75,0.25083333333333335,,0,w,2010,0,0,0
21,8,,2010-02-07 23:00:00,2010-02-08 03:45:00,2010-02-08 13:00:00,28.875,34.8,27.975,,1621,2010-02-07 19:15:00,2010-02-07 21:00:00,2010-02-07 19:45:00,0.35,0.6,128.1,,14.0,4.75,9.25,20.51948051948051,8.5,8.0,,0,w,2010,0,0,0
21,10,,2010-02-10 13:00:00,2010-02-11 06:15:00,2010-02-12 01:00:00,56.425,96.6,55.025000000000006,,1623,2010-02-10 12:10:00,2010-02-10 18:00:00,2010-02-10 14:29:55,1.499515436467811,3.6,162.0,,36.0,17.25,18.75,71.20070890562694,18.083333333333332,15.751388888888888,,0,w,2010,0,0,0
21,11,,2010-02-21 16:00:00,2010-02-21 18:00:00,2010-02-22 05:00:00,14.975,19.3,9.986,,1625,2010-02-21 16:00:00,2010-02-21 19:00:00,2010-02-21 16:30:00,0.2,0.6,9.7,,13.0,2.0,11.0,28.881469115191994,2.0,1.5,,0,w,2010,0,0,0
21,12,,2010-02-22 05:00:00,2010-02-22 07:15:00,2010-02-26 21:00:00,9.986,16.0,4.6825,,1626,2010-02-22 00:00:00,2010-02-22 08:00:00,2010-02-22 02:30:02,0.999932511278198,3.8,10.299999999999999,,112.0,2.25,109.75,60.2243140396555,7.25,4.749444444444444,,0,w,2010,0,0,0
21,14,,2010-02-27 09:00:00,2010-02-27 15:15:00,2010-03-01 14:00:00,15.5,1480.0,33.0,,1628,2010-02-27 08:00:00,2010-02-28 03:00:00,2010-02-27 13:29:59,21.999782184871567,81.2,5.6000000000000005,,53.0,6.25,46.75,9448.387096774193,7.25,1.7502777777777778,,0,w,2010,0,0,0
21,15,,2010-03-04 06:00:00,2010-03-04 09:15:00,2010-03-04 12:00:00,29.575,39.7,26.675,,1629,2010-03-04 05:30:00,2010-03-04 11:00:00,2010-03-04 07:29:58,3.499184821217191,6.9,81.2,,6.0,3.25,2.75,34.23499577345733,3.75,1.7505555555555556,,0,w,2010,0,0,0
21,16,,2010-04-01 16:00:00,2010-04-01 23:15:00,2010-04-03 02:00:00,30.8,63.4,31.75,,1634,2010-03-31 13:00:00,2010-04-01 01:00:00,2010-03-31 13:30:00,1.89999999999992,3.5000000000000004,0,,34.0,7.25,26.75,105.84415584415584,34.25,33.75,,0,w,2010,0,0,0
21,17,,2010-04-05 08:00:00,2010-04-05 14:45:00,2010-04-07 05:00:00,41.2,492.0,14.825,,1636,2010-04-04 12:20:00,2010-04-04 17:00:00,2010-04-04 14:29:59,0.3999993333333338,1.4,3.7,,45.0,6.75,38.25,1094.1747572815534,26.416666666666668,24.25027777777778,,0,w,2010,0,0,0
22,0,,2010-10-01 18:00:00,2010-10-01 23:45:00,2010-10-02 07:00:00,2.95,5.56,3.73,,1648,2010-10-01 03:00:00,2010-10-01 08:00:00,2010-10-01 05:29:56,0.2998989999999971,0.9,0,,13.0,5.75,7.25,88.47457627118641,20.75,18.25111111111111,,0,s,2011,0,0,0
22,1,,2010-10-04 18:00:00,2010-10-05 00:00:00,2010-10-06 00:00:00,3.73,8.1,3.4,,1650,2010-10-04 14:30:00,2010-10-05 04:00:00,2010-10-04 21:29:58,1.1999631219511755,8.0,1.0,,30.0,6.0,24.0,117.15817694369971,9.5,2.5005555555555556,,0,s,2011,0,0,0
22,3,,2010-10-17 23:00:00,2010-10-18 09:15:00,2010-10-18 15:00:00,3.4,4.27,3.73,,1653,2010-10-17 23:00:00,2010-10-18 10:00:00,2010-10-18 01:30:02,1.3992734863813532,4.0,0,,16.0,10.25,5.75,25.588235294117638,10.25,7.749444444444444,,0,s,2011,0,0,0
22,5,,2010-10-20 08:00:00,2010-10-20 09:30:00,2010-10-21 18:00:00,4.375,17.9,4.27,,1655,2010-10-19 12:06:00,2010-10-20 09:00:00,2010-10-20 07:29:57,4.798227789486759,22.700000000000003,5.2,,34.0,1.5,32.5,309.1428571428571,21.4,2.0008333333333335,,0,s,2011,0,0,0
22,6,,2010-11-20 14:00:00,2010-11-21 15:15:00,2010-11-22 09:00:00,4.5825,75.1,4.09,,1665,2010-11-20 00:00:00,2010-11-21 03:00:00,2010-11-20 19:29:58,3.399632547173949,23.500000000000004,0,,43.0,25.25,17.75,1538.8434260774688,39.25,19.750555555555554,,0,w,2011,0,0,0
22,8,,2010-12-26 04:00:00,2010-12-26 05:45:00,2010-12-27 01:00:00,80.8,91.6,76.5,,1674,2010-12-25 23:00:00,2010-12-26 10:00:00,2010-12-26 04:29:59,9.199820999997218,18.9,0.30000000000000004,,21.0,1.75,19.25,13.366336633663364,6.75,1.2502777777777778,,0,w,2011,0,0,0
22,9,,2011-02-16 09:00:00,2011-02-16 17:45:00,2011-02-18 08:00:00,13.675,29.8,15.0,,1678,2011-02-15 23:00:00,2011-02-17 01:00:00,2011-02-16 10:30:01,4.898976088691246,35.800000000000004,0,,47.0,8.75,38.25,117.91590493601463,18.75,7.249722222222222,,0,w,2011,0,0,0
22,10,,2011-02-19 01:00:00,2011-02-19 10:15:00,2011-02-20 01:00:00,16.5,115.0,28.125,,1679,2011-02-18 21:00:00,2011-02-19 11:00:00,2011-02-19 05:29:57,14.097307692306934,72.2,35.800000000000004,,24.0,9.25,14.75,596.969696969697,13.25,4.7508333333333335,,0,w,2011,0,0,0
22,11,,2011-02-25 22:00:00,2011-02-26 09:30:00,2011-02-28 23:00:00,16.875,394.0,32.6,,1681,2011-02-25 13:00:00,2011-02-27 05:00:00,2011-02-26 06:29:56,17.199166233773774,135.4,26.1,,73.0,11.5,61.5,2234.814814814815,20.5,3.0011111111111113,,0,w,2011,0,0,0
22,12,,2011-03-03 07:00:00,2011-03-03 10:15:00,2011-03-05 04:00:00,37.2,47.9,35.6,,1683,2011-03-03 06:04:17,2011-03-03 09:00:00,2011-03-03 07:29:59,3.299828949964759,6.1,138.20000000000002,,45.0,3.25,41.75,28.763440860215038,4.1786111111111115,2.750277777777778,,0,w,2011,0,0,0
22,13,,2011-03-19 09:00:00,2011-03-19 12:15:00,2011-03-20 00:00:00,26.95,43.2,26.325,,1686,2011-03-19 08:03:09,2011-03-19 12:00:00,2011-03-19 09:29:57,6.996932712550605,17.500000000000004,0,,15.0,3.25,11.75,60.29684601113174,4.1975,2.7508333333333335,,0,w,2011,0,0,0
22,15,,2011-03-20 15:00:00,2011-03-21 04:15:00,2011-03-23 06:00:00,28.925,699.0,51.0,,1689,2011-03-20 07:30:00,2011-03-22 12:00:00,2011-03-21 01:29:59,21.599717647068843,188.7,19.200000000000003,,63.0,13.25,49.75,2316.5946413137426,20.75,2.750277777777778,,0,w,2011,0,0,0
22,16,,2011-03-23 20:00:00,2011-03-24 03:30:00,2011-03-24 19:00:00,50.25,64.6,47.9,,1690,2011-03-23 19:00:00,2011-03-24 03:00:00,2011-03-24 01:30:01,2.199440368421805,8.1,207.89999999999998,,23.0,7.5,15.5,28.557213930348247,8.5,1.9997222222222222,,0,w,2011,0,0,0
22,17,,2011-03-25 03:00:00,2011-03-25 13:45:00,2011-03-26 02:00:00,46.5,117.0,58.075,,1691,2011-03-24 20:30:00,2011-03-25 22:00:00,2011-03-25 12:30:03,3.4992267138409936,31.000000000000004,215.99999999999997,,23.0,10.75,12.25,151.61290322580646,17.25,1.2491666666666668,,0,w,2011,0,0,0
22,19,,2011-05-15 07:00:00,2011-05-15 16:45:00,2011-05-16 05:00:00,16.5,21.3,16.5,,1698,2011-05-15 03:00:00,2011-05-15 18:00:00,2011-05-15 14:29:55,2.1995854685496963,6.9,0.5,,22.0,9.75,12.25,29.090909090909093,13.75,2.251388888888889,,0,s,2011,0,0,0
22,20,,2011-05-17 04:00:00,2011-05-18 16:15:00,2011-05-19 14:00:00,15.625,21.3,16.5,,1699,2011-05-17 00:00:00,2011-05-19 02:00:00,2011-05-18 14:29:57,0.9997532038831416,17.400000000000002,7.4,,58.0,36.25,21.75,36.32,40.25,1.7508333333333332,,0,s,2011,0,0,0
23,1,,2011-11-04 17:00:00,2011-11-04 22:45:00,2011-11-05 23:00:00,3.6025,5.1,3.25,,1713,2011-11-04 12:02:24,2011-11-05 03:00:00,2011-11-04 19:30:02,2.9998950000001035,17.200000000000003,0,,30.0,5.75,24.25,41.56835530881332,10.71,3.2494444444444444,,0,w,2012,0,0,0
23,2,,2011-11-20 22:00:00,2011-11-21 03:00:00,2011-11-23 20:00:00,4.1325,16.5,3.73,,1720,2011-11-20 15:00:00,2011-11-21 08:00:00,2011-11-20 22:30:02,8.799142127660241,35.2,0,,70.0,5.0,65.0,299.2740471869328,12.0,4.499444444444444,,0,w,2012,0,0,0
23,3,,2012-01-21 13:00:00,2012-01-21 19:30:00,2012-01-22 18:00:00,3.325,8.44,4.27,,1726,2012-01-21 10:20:00,2012-01-21 23:00:00,2012-01-21 14:29:56,7.897853002069867,31.300000000000004,0,,29.0,6.5,22.5,153.83458646616538,9.166666666666666,5.001111111111111,,0,w,2012,0,0,0
23,4,,2012-02-27 14:00:00,2012-02-28 07:30:00,2012-02-29 12:00:00,2.4625000000000004,6.06,3.9,,1736,2012-02-27 12:30:00,2012-02-28 08:00:00,2012-02-27 20:29:59,3.699999999996128,20.000000000000004,0,,46.0,17.5,28.5,146.0913705583756,19.0,11.000277777777777,,0,w,2012,0,0,0
23,5,,2012-03-25 20:00:00,2012-03-26 02:00:00,2012-03-30 09:00:00,6.265,128.0,8.44,,1739,2012-03-25 17:20:00,2012-03-26 12:00:00,2012-03-25 21:30:02,12.499476751946442,63.7,0,,109.0,6.0,103.0,1943.096568236233,8.666666666666666,4.499444444444444,,0,w,2012,0,0,0
23,6,,2012-04-11 10:00:00,2012-04-12 00:15:00,2012-04-13 05:00:00,6.19,17.4,7.17,,1741,2012-04-11 06:30:00,2012-04-12 12:00:00,2012-04-11 08:29:58,4.299187067669209,37.0,0,,43.0,14.25,28.75,181.09854604200325,17.75,15.750555555555556,,0,w,2012,0,0,0
23,7,,2012-04-13 17:00:00,2012-04-13 22:45:00,2012-04-17 09:00:00,7.702500000000001,192.0,10.7,,1742,2012-04-12 23:30:00,2012-04-14 06:00:00,2012-04-13 17:29:53,14.093454358983124,76.7,37.0,,88.0,5.75,82.25,2392.69717624148,23.25,5.251944444444445,,0,w,2012,0,0,0
24,1,,2012-11-30 16:00:00,2012-12-01 00:15:00,2012-12-01 23:00:00,2.81,12.7,3.77,,1759,2012-11-29 23:00:00,2012-12-01 10:00:00,2012-11-30 20:30:00,4.899319270512429,24.1,13.0,,31.0,8.25,22.75,351.95729537366543,25.25,3.75,,0,w,2013,0,0,0
24,3,,2012-12-02 21:00:00,2012-12-03 14:30:00,2012-12-07 08:00:00,4.012499999999999,14.7,2.34,,1762,2012-12-02 16:00:00,2012-12-03 19:00:00,2012-12-03 08:30:00,2.6998654919491845,23.4,42.0,,107.0,17.5,89.5,266.35514018691595,22.5,6.0,,0,w,2013,0,0,0
24,4,,2012-12-13 08:00:00,2012-12-13 20:15:00,2012-12-15 01:00:00,2.1725,6.58,3.11,,1764,2012-12-12 20:00:00,2012-12-13 19:00:00,2012-12-13 11:29:59,5.5999676923093205,30.6,0.2,,41.0,12.25,28.75,202.87686996547757,24.25,8.750277777777777,,0,w,2013,0,0,0
24,5,,2012-12-15 05:00:00,2012-12-15 07:30:00,2012-12-15 17:00:00,3.11,3.54,2.3,,1766,2012-12-15 04:30:00,2012-12-15 07:00:00,2012-12-15 06:29:58,1.6996603114123678,2.6,31.1,,12.0,2.5,9.5,13.826366559485537,3.0,1.0005555555555556,,0,w,2013,0,0,0
24,6,,2012-12-16 22:00:00,2012-12-17 02:45:00,2012-12-17 21:00:00,2.17,2.52,2.385,,1769,2012-12-16 22:00:00,2012-12-17 01:00:00,2012-12-16 22:30:00,0.2,0.6,34.60000000000001,,23.0,4.75,18.25,16.12903225806452,4.75,4.25,,0,w,2013,0,0,0
24,8,,2012-12-18 10:00:00,2012-12-18 18:30:00,2012-12-19 23:00:00,2.9525,9.54,4.785,,1771,2012-12-17 22:20:00,2012-12-19 01:00:00,2012-12-18 14:29:58,3.2999655349963266,23.200000000000003,37.1,,37.0,8.5,28.5,223.11600338696022,20.166666666666668,4.000555555555556,,0,w,2013,0,0,0
24,9,,2012-12-24 10:00:00,2012-12-24 16:00:00,2012-12-25 08:00:00,3.5975,7.26,5.06,,1774,2012-12-24 08:00:00,2012-12-24 19:00:00,2012-12-24 11:30:03,4.798910526315936,15.6,0.30000000000000004,,22.0,6.0,16.0,101.80681028492006,8.0,4.4991666666666665,,0,w,2013,0,0,0
24,10,,2012-12-26 12:00:00,2012-12-26 17:15:00,2012-12-28 06:00:00,5.13,13.7,4.78,,1775,2012-12-26 09:30:00,2012-12-26 20:00:00,2012-12-26 11:29:58,2.6997665671641915,16.400000000000002,15.9,,42.0,5.25,36.75,167.05653021442498,7.75,5.750555555555556,,0,w,2013,0,0,0
24,11,,2013-01-24 12:00:00,2013-01-24 20:15:00,2013-01-27 07:00:00,4.3275,17.6,4.01,,1781,2013-01-24 02:30:00,2013-01-26 12:00:00,2013-01-24 09:29:58,10.796799556045112,72.8,0,,67.0,8.25,58.75,306.7013287117274,17.75,10.750555555555556,,0,w,2013,0,0,0
24,12,,2013-01-27 16:00:00,2013-01-28 04:30:00,2013-01-29 19:00:00,4.26,10.4,4.65,,1782,2013-01-27 13:00:00,2013-01-28 01:00:00,2013-01-27 19:30:01,0.4000000000000001,2.6,72.8,,51.0,12.5,38.5,144.13145539906105,15.5,8.999722222222223,,0,w,2013,0,0,0
24,13,,2013-02-08 20:00:00,2013-02-09 03:15:00,2013-02-09 23:00:00,3.27,6.26,3.32,,1784,2013-02-08 13:00:00,2013-02-09 04:00:00,2013-02-08 21:30:03,0.9999008120301132,7.3,0.7000000000000001,,27.0,7.25,19.75,91.43730886850152,14.25,5.7491666666666665,,0,w,2013,0,0,0
24,14,,2013-02-19 16:00:00,2013-02-20 09:45:00,2013-02-21 14:00:00,3.1625,5.94,3.7125,,1786,2013-02-19 14:00:00,2013-02-20 14:00:00,2013-02-20 05:29:59,2.399921853662081,12.0,0,,46.0,17.75,28.25,87.82608695652178,19.75,4.250277777777778,,0,w,2013,0,0,0
24,16,,2013-05-07 04:00:00,2013-05-08 01:30:00,2013-05-09 07:00:00,1.1825,5.34,2.01,,1797,2013-05-05 14:30:00,2013-05-07 16:00:00,2013-05-06 13:29:59,4.399935490298192,56.900000000000006,0,,51.0,21.5,29.5,351.5856236786469,59.0,36.000277777777775,,0,s,2013,0,0,0
26,3,,2015-02-22 23:00:00,2015-02-23 06:30:00,2015-02-23 22:00:00,5.2,30.2,15.0,,1855,2015-02-22 12:06:00,2015-02-23 12:00:00,2015-02-23 01:29:56,12.79435931035163,72.6,0.4,,23.0,7.5,15.5,480.7692307692308,18.4,5.001111111111111,,0,w,2015,0,0,0
26,6,,2015-05-07 22:00:00,2015-05-08 06:45:00,2015-05-08 20:00:00,0.36,0.6,0.43,,1863,2015-05-07 12:30:00,2015-05-08 12:00:00,2015-05-08 07:30:00,1.6998955285373718,13.8,0,,22.0,8.75,13.25,66.66666666666666,18.25,-0.75,,0,s,2015,0,0,0
26,7,,2015-05-15 03:00:00,2015-05-15 06:00:00,2015-05-16 21:00:00,1.26,20.5,0.79,,1865,2015-05-14 18:02:51,2015-05-14 23:00:00,2015-05-14 20:29:59,17.197929323307996,48.900000000000006,0.2,,42.0,3.0,39.0,1526.984126984127,11.9525,9.500277777777777,,0,s,2015,0,0,0
26,8,,2015-07-19 23:00:00,2015-07-20 03:07:00,2015-07-21 06:00:00,13.6,1360.0,0.79,,1869,2015-07-18 15:00:00,2015-07-19 07:00:00,2015-07-18 16:30:01,13.996613517241348,36.6,0,,31.0,4.116666666666666,26.883333333333333,9900.000000000002,36.11666666666667,34.61638888888889,,0,s,2015,0,0,0
27,0,,2016-01-05 17:00:00,2016-01-06 22:52:00,2016-01-07 08:00:00,1.5225,141.0,24.475,,1890,2016-01-05 11:00:00,2016-01-06 07:00:00,2016-01-05 19:30:03,15.098248160536947,63.6,0.1,,39.0,29.866666666666667,9.133333333333333,9161.083743842364,35.86666666666667,27.365833333333335,,0,w,2016,0,0,0
27,1,,2016-02-18 00:00:00,2016-02-18 15:30:00,2016-02-19 22:00:00,1.935,5.7,2.37,,1896,2016-02-17 21:12:00,2016-02-18 06:00:00,2016-02-18 04:29:54,5.698091594202699,22.500000000000004,0,,46.0,15.5,30.5,194.5736434108527,18.3,11.001666666666667,,0,w,2016,0,0,0
27,2,,2016-03-06 12:00:00,2016-03-06 15:30:00,2016-03-07 14:00:00,2.7475,83.9,5.0625,,1900,2016-03-06 02:30:00,2016-03-06 20:00:00,2016-03-06 12:29:56,10.391668374385867,34.5,0.30000000000000004,,26.0,3.5,22.5,2953.68516833485,13.0,3.0011111111111113,,0,w,2016,0,0,0
27,3,,2016-03-07 14:00:00,2016-03-07 18:00:00,2016-03-10 00:00:00,5.0625,19.0,3.84,,1901,2016-03-07 08:00:00,2016-03-08 03:00:00,2016-03-07 19:30:01,1.899970163614185,15.6,34.8,,58.0,4.0,54.0,275.3086419753086,10.0,-1.5002777777777778,,0,w,2016,0,0,0
28,6,,2016-11-21 02:00:00,2016-11-21 07:15:00,2016-11-22 00:00:00,0.3775,1.2,0.16,,1924,2016-11-20 21:20:00,2016-11-21 22:00:00,2016-11-21 10:30:01,8.198970012233756,30.1,0,,22.0,5.25,16.75,217.88079470198673,9.916666666666666,-3.250277777777778,,0,w,2017,0,0,0
28,9,,2016-12-16 09:00:00,2016-12-16 20:15:00,2016-12-17 07:00:00,0.8725,31.1,1.77,,1927,2016-12-15 20:30:00,2016-12-17 06:00:00,2016-12-16 11:30:02,8.498049040503808,61.6,0,,22.0,11.25,10.75,3464.4699140401144,23.75,8.749444444444444,,0,w,2017,0,0,0
28,10,,2016-12-22 04:00:00,2016-12-22 06:45:00,2016-12-23 01:00:00,0.515,5.99,0.9,,1928,2016-12-21 15:00:00,2016-12-22 20:00:00,2016-12-22 10:29:58,2.399956127388938,27.4,61.6,,21.0,2.75,18.25,1063.106796116505,15.75,-3.7494444444444444,,0,w,2017,0,0,0
28,11,,2016-12-24 04:00:00,2016-12-24 10:00:00,2016-12-27 07:00:00,2.155,91.4,1.98,,1929,2016-12-23 11:00:00,2016-12-24 16:00:00,2016-12-24 06:30:04,6.29961537591695,42.50000000000001,27.4,,75.0,6.0,69.0,4141.299303944315,23.0,3.4988888888888887,,0,w,2017,0,0,0
28,12,,2017-01-09 11:00:00,2017-01-09 18:15:00,2017-01-10 21:00:00,2.545,26.9,6.717499999999999,,1934,2017-01-09 10:00:00,2017-01-10 08:00:00,2017-01-09 11:30:01,8.499331428571388,27.1,28.2,,34.0,7.25,26.75,956.9744597249509,8.25,6.749722222222222,,0,w,2017,0,0,0
28,13,,2017-01-11 07:00:00,2017-01-11 16:15:00,2017-01-16 02:00:00,7.657500000000001,180.0,14.125,,1935,2017-01-10 13:00:00,2017-01-13 02:00:00,2017-01-12 14:29:58,7.399706122437685,89.0,55.3,,115.0,9.25,105.75,2250.6366307541625,27.25,-22.249444444444446,,0,w,2017,0,0,0
28,14,,2017-01-19 10:00:00,2017-01-20 23:00:00,2017-01-21 16:00:00,7.939999999999999,186.0,42.175,,1939,2017-01-19 01:00:00,2017-01-21 07:00:00,2017-01-20 20:29:56,14.494623999939243,74.7,2.4000000000000004,,54.0,37.0,17.0,2242.5692695214107,46.0,2.5011111111111113,,0,w,2017,0,0,0
28,15,,2017-01-22 17:00:00,2017-01-23 02:45:00,2017-01-28 09:00:00,34.525,223.0,21.875,,1940,2017-01-22 08:10:00,2017-01-24 03:00:00,2017-01-22 23:29:58,11.798972258071394,87.0,74.7,,136.0,9.75,126.25,545.9087617668357,18.583333333333332,3.2505555555555556,,0,w,2017,0,0,0
28,16,,2017-02-10 23:00:00,2017-02-11 14:15:00,2017-02-12 17:00:00,11.1,22.2,15.1,,1944,2017-02-10 19:00:00,2017-02-12 04:00:00,2017-02-11 03:29:57,3.3992277370505466,18.500000000000004,25.6,,42.0,15.25,26.75,100.0,19.25,10.750833333333333,,0,w,2017,0,0,0
28,17,,2017-02-17 20:00:00,2017-02-18 03:07:00,2017-02-20 10:00:00,11.4,917.0,44.325,,1945,2017-02-17 13:00:00,2017-02-19 02:00:00,2017-02-18 00:30:01,12.29976774193453,74.7,0,,62.0,7.116666666666666,54.88333333333333,7943.859649122807,14.116666666666667,2.616388888888889,,0,w,2017,0,0,0
28,18,,2017-02-20 01:00:00,2017-02-20 02:15:00,2017-02-22 01:00:00,51.35,53.7,38.5,,1946,2017-02-20 01:00:00,2017-02-21 00:00:00,2017-02-20 23:29:56,0.4996730000017271,3.9,74.7,,48.0,1.25,46.75,4.576436222005859,1.25,-21.24888888888889,,0,w,2017,0,0,0
28,19,,2017-02-21 16:00:00,2017-02-21 17:30:00,2017-02-22 01:00:00,38.4,42.1,38.5,,1947,2017-02-21 15:30:00,2017-02-21 18:00:00,2017-02-21 17:29:58,2.399963617834399,4.9,78.60000000000001,,9.0,1.5,7.5,9.635416666666675,2.0,0.0005555555555555556,,0,w,2017,0,0,0
28,20,,2017-02-23 00:00:00,2017-02-23 03:45:00,2017-02-25 06:00:00,32.6,36.6,22.9,,1948,2017-02-22 22:00:00,2017-02-23 01:00:00,2017-02-22 23:30:07,0.2,0.6,83.50000000000001,,54.0,3.75,50.25,12.269938650306749,5.75,4.248055555555555,,0,w,2017,0,0,0
28,21,,2017-05-06 16:00:00,2017-05-07 16:00:00,2017-05-09 06:00:00,4.112500000000001,10.5,5.01,,1954,2017-05-06 14:00:00,2017-05-07 10:00:00,2017-05-07 00:29:59,1.0999960975610197,6.5,0,,62.0,24.0,38.0,155.31914893617017,26.0,15.500277777777777,,0,s,2017,0,0,0
29,0,,2018-01-09 14:00:00,2018-01-10 02:00:00,2018-01-11 19:00:00,2.96,91.5,0.6,,1971,2018-01-08 12:12:00,2018-01-10 02:00:00,2018-01-09 22:29:56,23.39111666674009,136.1,0,,53.0,12.0,41.0,2991.2162162162167,37.8,3.5011111111111113,,0,w,2018,0,0,0
29,1,,2018-02-27 06:00:00,2018-02-27 08:45:00,2018-02-27 13:00:00,0.715,1.01,0.6,,1976,2018-02-27 05:03:31,2018-02-27 08:00:00,2018-02-27 06:30:01,4.998432886655496,8.6,0,,7.0,2.75,4.25,41.25874125874127,3.691388888888889,2.249722222222222,,0,w,2018,0,0,0
29,5,,2018-03-03 00:00:00,2018-03-03 04:30:00,2018-03-08 22:00:00,2.1975,22.0,1.13,,1982,2018-03-02 11:00:52,2018-03-03 02:00:00,2018-03-03 00:30:01,22.69650133331401,76.2,20.799999999999997,,142.0,4.5,137.5,901.137656427759,17.485555555555557,3.999722222222222,,0,w,2018,0,0,0
29,6,,2018-03-10 23:00:00,2018-03-11 08:45:00,2018-03-12 23:00:00,1.5775,7.93,2.96,,1984,2018-03-10 20:00:00,2018-03-12 00:00:00,2018-03-11 00:30:04,5.797356111929732,28.9,0,,48.0,9.75,38.25,402.69413629160056,12.75,8.248888888888889,,0,w,2018,0,0,0
29,8,,2018-03-15 08:00:00,2018-03-15 12:15:00,2018-03-17 00:00:00,8.385,149.0,6.69,,1986,2018-03-15 05:15:00,2018-03-15 14:00:00,2018-03-15 09:29:14,10.800000000000257,32.800000000000004,94.19999999999999,,40.0,4.25,35.75,1676.9827072152655,7.0,2.762777777777778,,0,w,2018,0,0,0
29,9,,2018-03-17 02:00:00,2018-03-17 08:30:00,2018-03-18 23:00:00,7.0975,18.6,5.279999999999999,,1987,2018-03-16 23:02:51,2018-03-17 09:00:00,2018-03-17 03:29:55,4.69841179448991,19.6,98.1,,45.0,6.5,38.5,162.06410707995775,9.4525,5.001388888888889,,0,w,2018,0,0,0
30,0,,2018-10-13 05:00:00,2018-10-13 09:00:00,2018-10-14 23:00:00,0.0,0.79,0.1,,2007,2018-10-13 03:02:08,2018-10-13 14:00:00,2018-10-13 06:29:59,9.19902777777724,27.1,0,,42.0,4.0,38.0,0,5.964444444444444,2.500277777777778,,0,s,2019,0,0,0
30,1,,2018-11-22 08:00:00,2018-11-22 13:00:00,2018-11-23 02:00:00,0.295,1.4,0.51,,2009,2018-11-22 07:00:46,2018-11-22 11:00:00,2018-11-22 10:29:55,9.396215147624648,26.500000000000004,0.4,,18.0,5.0,13.0,374.5762711864407,5.987222222222222,2.501388888888889,,0,w,2019,0,0,0
30,2,,2018-11-29 15:00:00,2018-11-29 17:45:00,2018-11-30 23:00:00,2.2475,7.59,0.79,,2010,2018-11-28 23:12:00,2018-11-29 03:00:00,2018-11-29 02:29:56,1.998379999999849,3.0000000000000004,0,,32.0,2.75,29.25,237.70856507230255,18.55,15.251111111111111,,0,w,2019,0,0,0
30,4,,2018-12-06 17:00:00,2018-12-06 20:00:00,2018-12-09 15:00:00,5.2775,86.4,0.8049999999999999,,2013,2018-12-05 22:03:45,2018-12-07 00:00:00,2018-12-06 21:29:59,13.499724637715689,103.9,14.8,,70.0,3.0,67.0,1537.138796778778,21.9375,-1.4997222222222222,,0,w,2019,0,0,0
30,5,,2019-01-12 10:00:00,2019-01-12 13:45:00,2019-01-12 23:00:00,1.11,4.04,2.16,,2021,2019-01-12 08:30:00,2019-01-12 20:00:00,2019-01-12 12:30:01,12.495916483518752,32.6,31.5,,13.0,3.75,9.25,263.9639639639639,5.25,1.2497222222222222,,0,w,2019,0,0,0
30,6,,2019-01-14 22:00:00,2019-01-15 02:15:00,2019-01-15 23:00:00,3.8125,16.7,5.0125,,2022,2019-01-14 13:30:00,2019-01-15 03:00:00,2019-01-14 17:30:01,16.994962534744218,55.8,32.6,,25.0,4.25,20.75,338.03278688524586,12.75,8.749722222222223,,0,w,2019,0,0,0
30,8,,2019-01-31 20:00:00,2019-02-01 00:30:00,2019-02-01 15:00:00,4.2775,20.0,7.26,,2027,2019-01-31 17:05:27,2019-01-31 23:00:00,2019-01-31 20:29:59,13.299845378150849,35.300000000000004,0,,19.0,4.5,14.5,367.56282875511397,7.409166666666667,4.000277777777778,,0,w,2019,0,0,0
30,9,,2019-02-02 15:00:00,2019-02-02 23:15:00,2019-02-03 15:00:00,8.5525,532.0,85.525,,2028,2019-02-02 08:04:36,2019-02-02 23:00:00,2019-02-02 20:30:01,24.893999999981048,96.1,35.300000000000004,,24.0,8.25,15.75,6120.403390821397,15.173333333333334,2.749722222222222,,0,w,2019,0,0,0
30,10,,2019-02-03 11:00:00,2019-02-04 23:00:00,2019-02-07 07:00:00,65.425,207.0,58.6,,2029,2019-02-03 04:01:45,2019-02-05 21:00:00,2019-02-03 14:29:56,14.596741818183634,198.8,131.4,,92.0,36.0,56.0,216.39281620175774,42.97083333333333,32.50111111111111,,0,w,2019,0,0,0
30,12,,2019-02-14 09:00:00,2019-02-14 21:00:00,2019-02-15 22:00:00,20.0,391.0,71.75,,2034,2019-02-13 18:02:18,2019-02-13 21:00:00,2019-02-13 18:32:18,2.6536964980544746,4.7,34.6,,37.0,12.0,25.0,1855.0,26.961666666666666,26.461666666666666,,0,w,2019,0,0,0
30,13,,2019-03-06 13:00:00,2019-03-07 05:30:00,2019-03-10 04:00:00,13.1,149.0,29.8,,2048,2019-03-05 22:30:00,2019-03-07 10:00:00,2019-03-06 14:30:03,28.38961052628003,93.8,48.7,,87.0,16.5,70.5,1037.4045801526718,31.0,14.999166666666667,,0,w,2019,0,0,0
30,14,,2019-05-06 21:00:00,2019-05-06 22:15:00,2019-05-07 21:00:00,4.56,5.1,4.57,,2060,2019-05-06 20:15:00,2019-05-07 01:00:00,2019-05-06 22:30:00,1.1998400000000031,2.4000000000000004,0.6000000000000001,,24.0,1.25,22.75,11.842105263157897,2.0,-0.25,,0,s,2019,0,0,0
30,18,,2019-05-16 14:00:00,2019-05-16 18:45:00,2019-05-17 07:00:00,4.12,6.04,4.38,,2067,2019-05-16 11:30:00,2019-05-16 17:00:00,2019-05-16 13:29:58,6.999037062937114,15.0,8.299999999999999,,17.0,4.75,12.25,46.60194174757281,7.25,5.250555555555556,,0,s,2019,0,0,0
30,19,,2019-05-19 05:00:00,2019-05-20 13:45:00,2019-05-21 04:00:00,3.4875000000000003,6.07,4.15,,2068,2019-05-19 04:08:34,2019-05-19 15:00:00,2019-05-19 13:30:01,5.297953331088827,19.500000000000004,15.0,,47.0,32.75,14.25,74.05017921146953,33.60722222222222,24.24972222222222,,0,s,2019,0,0,0
30,21,,2019-05-26 18:00:00,2019-05-27 05:30:00,2019-05-28 03:00:00,4.835,6.74,5.25,,2075,2019-05-26 18:00:00,2019-05-26 20:00:00,2019-05-26 18:30:00,3.7,5.2,6.4,,33.0,11.5,21.5,39.40020682523269,11.5,11.0,,0,s,2019,0,0,0
31,1,,2019-11-20 16:00:00,2019-11-20 21:30:00,2019-11-21 00:00:00,0.51,0.79,0.6,,2083,2019-11-20 11:03:00,2019-11-20 22:00:00,2019-11-20 17:30:00,2.3999598036810443,12.9,0.5,,8.0,5.5,2.5,54.90196078431373,10.45,4.0,,0,w,2020,0,0,0
31,2,,2019-11-27 16:00:00,2019-11-27 19:45:00,2019-11-30 04:00:00,0.645,2.29,0.55,,2085,2019-11-27 13:06:00,2019-11-27 21:00:00,2019-11-27 18:30:05,4.795893483710156,18.200000000000003,0,,60.0,3.75,56.25,255.0387596899225,6.65,1.2486111111111111,,0,w,2020,0,0,0
31,3,,2019-11-28 14:00:00,2019-11-28 18:00:00,2019-11-30 04:00:00,0.6175,2.28,0.55,,2086,2019-11-28 07:04:17,2019-11-29 01:00:00,2019-11-28 15:29:55,9.498764993879655,48.00000000000001,18.2,,38.0,4.0,34.0,269.23076923076917,10.928611111111111,2.501388888888889,,0,w,2020,0,0,0
31,9,,2019-12-05 01:00:00,2019-12-05 03:15:00,2019-12-06 11:00:00,7.2575,7.76,2.11,,2092,2019-12-05 00:20:00,2019-12-05 02:00:00,2019-12-05 01:29:58,3.39895760377356,3.7,50.300000000000004,,34.0,2.25,31.75,6.923871856699959,2.9166666666666665,1.7505555555555556,,0,w,2020,0,0,0
31,11,,2019-12-08 20:00:00,2019-12-09 04:30:00,2019-12-10 19:00:00,3.1,7.83,2.51,,2096,2019-12-07 12:08:34,2019-12-08 12:00:00,2019-12-07 19:30:05,4.296579296608681,23.300000000000004,55.10000000000001,,47.0,8.5,38.5,152.58064516129033,40.35722222222222,32.99861111111111,,0,w,2020,0,0,0
31,14,,2020-03-13 01:00:00,2020-03-13 04:00:00,2020-03-14 20:00:00,2.495,14.3,1.9825,,2109,2020-03-12 17:07:30,2020-03-13 17:00:00,2020-03-12 23:30:00,11.099805000001751,76.39999999999999,35.7,,43.0,3.0,40.0,473.14629258517033,10.875,4.5,,0,w,2020,0,0,0
31,17,,2020-03-15 11:00:00,2020-03-15 19:45:00,2020-03-16 12:00:00,1.9825,3.29,1.78,,2112,2020-03-15 05:03:31,2020-03-15 07:00:00,2020-03-15 05:33:31,1.6528822055137846,2.7,123.10000000000001,,25.0,8.75,16.25,65.95208070617907,14.69138888888889,14.19138888888889,,0,w,2020,0,0,0
31,19,,2020-03-17 01:00:00,2020-03-17 04:30:00,2020-03-19 09:00:00,3.1925,103.0,6.79,,2115,2020-03-16 19:15:00,2020-03-17 06:00:00,2020-03-17 01:29:59,20.59847999999703,56.2,100.4,,56.0,3.5,52.5,3126.311667971809,9.25,3.000277777777778,,0,w,2020,0,0,0
31,22,,2020-03-23 04:00:00,2020-03-23 17:00:00,2020-03-26 03:00:00,4.5475,17.4,4.61,,2119,2020-03-22 22:15:00,2020-03-23 16:00:00,2020-03-23 02:29:56,8.498657305835541,39.50000000000001,15.1,,71.0,13.0,58.0,282.627817482133,18.75,14.501111111111111,,0,w,2020,0,0,0
31,24,,2020-04-06 10:00:00,2020-04-06 15:52:00,2020-04-08 00:00:00,3.9275,506.0,49.175,,2130,2020-04-06 06:08:34,2020-04-06 20:00:00,2020-04-06 14:30:00,25.49802857143236,120.1,1.6,,38.0,5.866666666666666,32.13333333333333,12783.513685550604,9.723888888888888,1.3666666666666667,,0,w,2020,0,0,0
31,26,,2020-04-07 21:00:00,2020-04-08 12:15:00,2020-04-09 11:00:00,46.225,115.0,47.8,,2133,2020-04-07 18:20:00,2020-04-08 12:00:00,2020-04-07 23:29:57,8.597749579830944,46.900000000000006,123.69999999999999,,38.0,15.25,22.75,148.78312601406168,17.916666666666668,12.750833333333333,,0,w,2020,0,0,0
31,27,,2020-06-05 18:00:00,2020-06-06 15:15:00,2020-06-08 01:00:00,2.19,4.05,2.68,,2139,2020-06-05 14:30:00,2020-06-05 17:00:00,2020-06-05 15:00:00,0.1333333333333333,0.4,0,,55.0,21.25,33.75,84.93150684931507,24.75,24.25,,0,s,2020,0,0,0
32,0,,2020-12-25 02:00:00,2020-12-25 12:15:00,2020-12-26 03:00:00,0.46,0.73,0.39,,2145,2020-12-24 18:20:00,2020-12-25 02:00:00,2020-12-24 19:29:58,1.4995959999999893,2.2,0,,25.0,10.25,14.75,58.69565217391304,17.916666666666668,16.750555555555554,,0,w,2021,0,0,0
32,1,,2020-12-28 08:00:00,2020-12-29 02:45:00,2020-12-30 06:00:00,0.585,3.04,0.73,,2147,2020-12-28 02:15:00,2020-12-29 04:00:00,2020-12-28 23:30:05,9.994613793083111,65.2,2.3000000000000003,,46.0,18.75,27.25,419.6581196581197,24.5,3.248611111111111,,0,w,2021,0,0,0
32,3,,2021-01-23 19:00:00,2021-01-24 01:00:00,2021-01-24 18:00:00,2.63,5.23,2.63,,2151,2021-01-23 19:00:00,2021-01-24 12:00:00,2021-01-24 08:29:57,0.799927300971059,6.3,2.6000000000000005,,23.0,6.0,17.0,98.85931558935364,6.0,-7.4991666666666665,,0,w,2021,0,0,0
32,4,,2021-01-25 10:00:00,2021-01-25 13:30:00,2021-01-26 01:00:00,2.63,3.25,2.63,,2152,2021-01-25 01:00:00,2021-01-25 15:00:00,2021-01-25 06:29:59,1.1999959999999414,7.1,8.900000000000002,,15.0,3.5,11.5,23.57414448669202,12.5,7.000277777777778,,0,w,2021,0,0,0
32,6,,2021-03-08 10:00:00,2021-03-08 11:15:00,2021-03-08 14:00:00,1.0,1.13,1.0,,2160,2021-03-07 19:20:00,2021-03-07 22:00:00,2021-03-07 20:50:37,0.3000000000000002,0.9,1.6,,4.0,1.25,2.75,12.99999999999999,15.916666666666666,14.40638888888889,,0,w,2021,0,0,0
32,7,,2021-03-10 06:00:00,2021-03-10 13:30:00,2021-03-10 19:00:00,0.89,1.84,1.46,,2161,2021-03-09 18:12:00,2021-03-09 23:00:00,2021-03-09 19:30:05,0.9991963909774456,2.5000000000000004,2.5,,13.0,7.5,5.5,106.74157303370788,19.3,17.99861111111111,,0,w,2021,0,0,0
32,8,,2021-03-10 10:00:00,2021-03-11 13:15:00,2021-03-14 23:00:00,1.0625,3.82,1.67,,2162,2021-03-10 03:10:00,2021-03-12 12:00:00,2021-03-10 12:29:57,3.298142292035454,59.6,3.4,,109.0,27.25,81.75,259.52941176470586,34.083333333333336,24.750833333333333,,0,w,2021,0,0,0
33,0,,2021-10-05 01:00:00,2021-10-05 11:45:00,2021-10-05 12:00:00,0.0,0.0,0.0,,2182,2021-10-05 01:00:00,2021-10-05 12:00:00,2021-10-05 09:29:57,0.7999293203883155,6.3,0,,11.0,10.75,0.25,0,10.75,2.2508333333333335,,0,s,2022,0,0,0
33,1,,2021-10-08 13:00:00,2021-10-08 15:00:00,2021-10-09 02:00:00,0.8775,1.08,0.26,,2183,2021-10-08 12:06:39,2021-10-08 22:00:00,2021-10-08 13:29:57,1.0996773333333325,5.8,6.300000000000001,,13.0,2.0,11.0,23.07692307692309,2.8891666666666667,1.5008333333333332,,0,s,2022,0,0,0
33,2,,2021-10-18 17:00:00,2021-10-19 14:00:00,2021-10-19 23:00:00,0.03,0.53,0.0,,2184,2021-10-18 12:30:00,2021-10-18 23:00:00,2021-10-18 15:25:29,0.4000000000000003,2.9000000000000004,0,,30.0,21.0,9.0,1666.6666666666667,25.5,22.575277777777778,,0,s,2022,0,0,0
33,6,,2021-12-09 17:00:00,2021-12-09 20:30:00,2021-12-10 05:00:00,0.0025,0.07,0.0,,2191,2021-12-09 12:12:00,2021-12-10 02:00:00,2021-12-09 20:30:02,4.898843879806433,24.700000000000003,3.8,,12.0,3.5,8.5,2700.0,8.3,-0.0005555555555555556,,0,w,2022,0,0,0
33,7,,2021-12-14 14:00:00,2021-12-14 19:15:00,2021-12-18 22:00:00,1.135,515.0,0.6,,2193,2021-12-13 13:20:00,2021-12-15 11:00:00,2021-12-14 16:29:47,27.59285714284853,177.4,28.000000000000004,,104.0,5.25,98.75,45274.44933920704,29.916666666666668,2.7536111111111112,,0,w,2022,0,0,0
33,9,,2021-12-23 21:00:00,2021-12-24 06:45:00,2021-12-25 20:00:00,0.43,122.0,14.25,,2198,2021-12-23 04:10:00,2021-12-23 07:00:00,2021-12-23 06:29:55,2.2990690785562498,4.5,0.9000000000000001,,47.0,9.75,37.25,28272.093023255813,26.583333333333332,24.25138888888889,,0,w,2022,0,0,0
33,11,,2021-12-27 22:00:00,2021-12-28 03:15:00,2021-12-29 15:00:00,9.8775,19.5,5.99,,2200,2021-12-27 19:30:00,2021-12-28 12:00:00,2021-12-27 23:29:55,4.096857309941178,15.3,192.0,,41.0,5.25,35.75,97.41837509491269,7.75,3.751388888888889,,0,w,2022,0,0,0
33,12,,2021-12-30 03:00:00,2021-12-30 18:30:00,2022-01-04 03:00:00,6.8525,266.0,9.01,,2201,2021-12-29 18:30:00,2021-12-31 03:00:00,2021-12-30 15:29:57,10.59898190045972,176.5,15.3,,120.0,15.5,104.5,3781.794965341116,24.0,3.0008333333333335,,0,w,2022,0,0,0
33,13,,2022-03-04 07:00:00,2022-03-04 10:00:00,2022-03-04 18:00:00,1.98,2.33,2.15,,2210,2022-03-04 03:30:00,2022-03-04 17:00:00,2022-03-04 11:29:59,1.1999819999996597,4.9,0,,11.0,3.0,8.0,17.676767676767682,6.5,-1.4997222222222222,,0,w,2022,0,0,0
33,14,,2022-03-05 21:00:00,2022-03-06 01:30:00,2022-03-07 21:00:00,2.33,2.91,2.15,,2211,2022-03-05 15:00:00,2022-03-06 01:00:00,2022-03-05 23:29:57,0.7999293203883149,2.8000000000000003,4.9,,48.0,4.5,43.5,24.892703862660948,10.5,2.0008333333333335,,0,w,2022,0,0,0
34,1,,2022-11-02 13:00:00,2022-11-02 17:00:00,2022-11-03 06:00:00,1.01,2.76,0.36,,2236,2022-11-02 12:06:39,2022-11-03 02:00:00,2022-11-02 16:30:00,1.3998417950714663,5.9,8.3,,17.0,4.0,13.0,173.26732673267324,4.889166666666667,0.5,,0,w,2023,0,0,0
34,2,,2022-11-04 07:00:00,2022-11-04 14:00:00,2022-11-05 00:00:00,0.02,0.29,0.01,,2239,2022-11-03 20:00:00,2022-11-03 22:00:00,2022-11-03 20:30:00,0.1,0.3,14.5,,17.0,7.0,10.0,1349.9999999999998,18.0,17.5,,0,w,2023,0,0,0
34,4,,2022-11-08 13:00:00,2022-11-08 18:00:00,2022-11-11 23:00:00,2.825,144.0,0.57,,2241,2022-11-07 12:12:00,2022-11-09 12:00:00,2022-11-08 15:29:54,17.582986285793623,174.5,15.700000000000001,,82.0,5.0,77.0,4997.345132743363,29.8,2.5016666666666665,,0,w,2023,0,0,0
34,5,,2022-12-11 11:00:00,2022-12-11 15:45:00,2022-12-12 11:00:00,1.49,63.5,9.3675,,2250,2022-12-10 23:07:30,2022-12-11 23:00:00,2022-12-11 13:29:57,24.29007333335468,130.2,1.8,,24.0,4.75,19.25,4161.744966442953,16.625,2.2508333333333335,,0,w,2023,0,0,0
34,7,,2023-01-01 00:00:00,2023-01-01 07:30:00,2023-01-02 06:00:00,3.0025,163.0,5.6875,,2257,2022-12-31 18:00:00,2022-12-31 23:00:00,2022-12-31 22:29:58,0.3999299999999558,1.1,15.799999999999999,,30.0,7.5,22.5,5328.8093255620315,13.5,9.000555555555556,,0,w,2023,0,0,0
