Date_time,"05/26/2026, 15:11"
Stream_class,3
Fall_params,_
max_zero_allowed_per_year_fall,364
max_nan_allowed_per_year_fall,364
min_flow_rate_fall,0.001
sigma_fall,0.05
broad_sigma_fall,15
wet_season_sigma_fall,12
peak_sensitivity_fall,0.05
peak_sensitivity_wet_fall,0.005
max_flush_duration_fall,40
min_flush_percentage_fall,0.01
wet_threshold_perc_fall,0.2
peak_detect_perc_fall,0.3
flush_threshold_perc_fall,0.3
min_flush_threshold_fall,0.001
date_cutoff_fall,366
slope_sensitivity_fall,500
Wet_params,_
max_zero_allowed_per_year_wet,270
max_nan_allowed_per_year_wet,100
Spring_params,_
max_zero_allowed_per_year_spring,270
max_nan_allowed_per_year_spring,100
max_peak_flow_date_spring,350
search_window_left_spring,20
search_window_right_spring,50
peak_sensitivity_spring,0.1
peak_filter_percentage_spring,0.5
min_max_flow_rate_spring,0.1
window_sigma_spring,10
fit_sigma_spring,1.3
sensitivity_spring,0.2
min_percentage_of_max_flow_spring,0.5
lag_time_spring,4
timing_cutoff_spring,138
min_flow_rate_spring,0.01
Dry_params,_
max_zero_allowed_per_year_dry,270
max_nan_allowed_per_year_dry,100
sigma_dry,7
sensitivity_dry,900
peak_sensitivity_dry,0.2
max_peak_flow_date_dry,325
min_summer_flow_percent_dry,0.125
min_flow_rate_dry,0.01
