TimeInc,DepthInc
0.0,0.1
0.11111111111111112,0.2
0.22222222222222224,0.30000000000000004
0.33333333333333337,0.4
0.4444444444444445,0.5
0.5555555555555556,0.6
0.6666666666666667,0.7000000000000001
0.7777777777777779,0.8
0.8888888888888891,0.9
0.8891666666666669,1.0
0.9391666666666669,1.1
0.989166666666667,1.2000000000000002
1.039166666666667,1.3000000000000003
1.089166666666667,1.4000000000000001
1.139166666666667,1.5000000000000002
1.1891666666666671,1.6
1.2391666666666672,1.7000000000000002
1.2891666666666672,1.8000000000000003
1.3391666666666673,1.9000000000000001
1.3891666666666673,2.0
1.4391666666666674,2.1
1.4891666666666674,2.2
1.5391666666666675,2.3000000000000003
1.5891666666666675,2.4000000000000004
1.6391666666666675,2.5000000000000004
1.6891666666666676,2.6
1.7391666666666676,2.7
1.7891666666666677,2.8000000000000003
1.8391666666666677,2.9000000000000004
1.8891666666666678,3.0000000000000004
1.932500000000001,3.1
1.976111111111112,3.2
2.0194444444444453,3.3000000000000003
2.0630555555555565,3.4000000000000004
2.10638888888889,3.5000000000000004
2.1500000000000012,3.6
2.1933333333333347,3.7
2.236944444444446,3.8000000000000003
2.2802777777777794,3.9000000000000004
2.3238888888888907,4.0
2.367222222222224,4.1
2.4108333333333354,4.2
2.454166666666669,4.3
2.49777777777778,4.3999999999999995
2.5411111111111135,4.5
2.584722222222225,4.6
2.6280555555555583,4.7
2.6716666666666695,4.8
2.715000000000003,4.9
2.7586111111111142,5.0
2.8019444444444477,5.1
2.845555555555559,5.2
2.88916666666667,5.3
2.919444444444448,5.4
2.9497222222222255,5.5
2.980000000000003,5.6
3.0102777777777807,5.7
3.0405555555555583,5.8
3.070833333333336,5.9
3.1011111111111136,6.0
3.131388888888891,6.1
3.161666666666669,6.2
3.1919444444444465,6.3
3.222500000000002,6.4
3.2527777777777795,6.5
3.283055555555557,6.6
3.313333333333335,6.7
3.3436111111111124,6.8
3.37388888888889,6.9
3.4041666666666677,7.0
3.4344444444444453,7.1
3.464722222222223,7.2
3.4950000000000006,7.3
3.525277777777778,7.4
3.5558333333333336,7.5
3.5861111111111112,7.6
3.616388888888889,7.7
3.6466666666666665,7.8
3.676944444444444,7.9
3.7072222222222218,8.0
3.7374999999999994,8.1
3.767777777777777,8.2
3.7980555555555546,8.3
3.8283333333333323,8.4
3.85861111111111,8.5
3.8891666666666653,8.6
3.9261111111111098,8.7
3.963055555555554,8.8
4.000277777777776,8.9
4.037222222222221,9.0
4.074166666666665,9.1
4.111388888888887,9.2
4.148333333333332,9.3
4.185277777777776,9.4
4.2224999999999975,9.5
4.259444444444442,9.6
4.296388888888886,9.700000000000001
4.333611111111108,9.8
4.370555555555553,9.9
4.407499999999997,10.0
4.444722222222219,10.1
4.481666666666664,10.200000000000001
4.518611111111108,10.3
4.55583333333333,10.4
4.5927777777777745,10.5
4.6297222222222185,10.6
4.66694444444444,10.700000000000001
4.703888888888885,10.8
4.740833333333329,10.9
4.778055555555551,11.0
4.814999999999996,11.1
4.85194444444444,11.200000000000001
4.889166666666662,11.3
5.889166666666662,11.4
6.889166666666662,11.5
