TimeInc,Intensity
0.5,0.4177777777777778
0.50167,0.41709122222222217
0.5033399999999999,0.41640466666666676
0.5050099999999998,0.4157181111111111
0.5066799999999998,0.4150315555555556
0.5083499999999997,0.4143450000000001
0.5100199999999997,0.41365844444444455
0.5116899999999996,0.412971888888889
0.5133599999999996,0.4122853333333335
0.5150299999999995,0.41159877777777787
0.5166999999999995,0.41091222222222246
0.5183699999999994,0.4102256666666668
0.5200399999999994,0.4095391111111114
0.5217099999999993,0.4088525555555558
0.5233799999999993,0.40816600000000025
0.5250499999999992,0.4074794444444447
0.5267199999999992,0.4067928888888892
0.5283899999999991,0.4061063333333337
0.5300599999999991,0.40541977777777816
0.531729999999999,0.40473322222222263
0.533399999999999,0.4040466666666671
0.5350699999999989,0.4033601111111115
0.5367399999999989,0.40267355555555606
0.5384099999999988,0.4019870000000004
0.5400799999999988,0.4013004444444449
0.5417499999999987,0.4006138888888894
0.5434199999999987,0.39992733333333386
0.5450899999999986,0.39924077777777833
0.5467599999999986,0.3985542222222228
0.5484299999999985,0.3978676666666672
0.5500999999999985,0.39718111111111176
0.5517699999999984,0.3964945555555561
0.5534399999999984,0.3958080000000007
0.5551099999999983,0.3951214444444451
0.5567799999999983,0.39443488888888956
0.5584499999999982,0.39374833333333403
0.5601199999999982,0.3930617777777785
0.5617899999999981,0.392375222222223
0.5634599999999981,0.39168866666666746
0.565129999999998,0.39100211111111194
0.566799999999998,0.3903155555555564
0.5684699999999979,0.3896290000000008
0.5701399999999979,0.38894244444444537
0.5718099999999978,0.38825588888888973
0.5734799999999978,0.3875693333333342
0.5751499999999977,0.3868827777777787
0.5768199999999977,0.38619622222222316
0.5784899999999976,0.38550966666666764
0.5801599999999976,0.3848231111111121
0.5818299999999975,0.3841365555555565
0.5834999999999975,0.38345000000000107
0.5851699999999974,0.38276344444444543
0.5868399999999974,0.38207688888889
0.5885099999999973,0.3813903333333344
0.5901799999999973,0.38070377777777886
0.5918499999999972,0.38001722222222334
0.5935199999999972,0.3793306666666678
0.5951899999999971,0.3786441111111123
0.5968599999999971,0.37795755555555677
0.598529999999997,0.37727100000000124
0.600199999999997,0.3765844444444457
0.6018699999999969,0.3758978888888901
0.6035399999999969,0.3752113333333347
0.6052099999999968,0.37452477777777904
0.6068799999999968,0.3738382222222235
0.6085499999999967,0.373151666666668
0.6102199999999967,0.37246511111111247
0.6118899999999966,0.37177855555555694
0.6135599999999966,0.3710920000000014
0.6152299999999965,0.3704054444444458
0.6168999999999965,0.3697188888888904
0.6185699999999964,0.36903233333333474
0.6202399999999963,0.3683457777777793
0.6219099999999963,0.3676592222222237
0.6235799999999962,0.36697266666666817
0.6252499999999962,0.36628611111111264
0.6269199999999961,0.3655995555555571
0.6285899999999961,0.3649130000000016
0.630259999999996,0.3642264444444461
0.631929999999996,0.36353988888889055
0.6335999999999959,0.362853333333335
0.6352699999999959,0.3621667777777794
0.6369399999999958,0.361480222222224
0.6386099999999958,0.36079366666666834
0.6402799999999957,0.3601071111111128
0.6419499999999957,0.3594205555555573
0.6436199999999956,0.3587340000000018
0.6452899999999956,0.35804744444444625
0.6469599999999955,0.3573608888888907
0.6486299999999955,0.3566743333333351
0.6502999999999954,0.3559877777777797
0.6519699999999954,0.35530122222222404
0.6536399999999953,0.35461466666666863
0.6553099999999953,0.353928111111113
0.6569799999999952,0.3532415555555575
0.6586499999999952,0.35255500000000195
0.6603199999999951,0.3518684444444464
0.6619899999999951,0.3511818888888909
0.663659999999995,0.3504953333333354
0.665329999999995,0.34980877777777986
0.6669999999999949,0.34912222222222433
0.6686699999999949,0.3484356666666687
0.6703399999999948,0.3477491111111133
0.6720099999999948,0.34706255555555765
0.6736799999999947,0.3463760000000021
0.6753499999999947,0.3456894444444466
0.6770199999999946,0.3450028888888911
0.6786899999999946,0.34431633333333556
0.6803599999999945,0.34362977777778003
0.6820299999999945,0.3429432222222244
0.6836999999999944,0.342256666666669
0.6853699999999944,0.34157011111111335
0.6870399999999943,0.34088355555555794
0.6887099999999943,0.3401970000000023
0.6903799999999942,0.3395104444444468
0.6920499999999942,0.33882388888889126
0.6937199999999941,0.33813733333333573
0.6953899999999941,0.3374507777777802
0.697059999999994,0.3367642222222247
0.698729999999994,0.33607766666666916
0.7003999999999939,0.33539111111111364
0.7020699999999939,0.334704555555558
0.7037399999999938,0.3340180000000026
0.7054099999999938,0.33333144444444696
0.7070799999999937,0.33264488888889143
0.7087499999999937,0.3319583333333359
0.7104199999999936,0.3312717777777804
0.7120899999999936,0.33058522222222486
0.7137599999999935,0.32989866666666934
0.7154299999999935,0.3292121111111137
0.7170999999999934,0.3285255555555583
0.7187699999999934,0.32783900000000266
0.7204399999999933,0.32715244444444724
0.7221099999999933,0.3264658888888916
0.7237799999999932,0.3257793333333361
0.7254499999999932,0.32509277777778056
0.7271199999999931,0.32440622222222504
0.728789999999993,0.3237196666666695
0.730459999999993,0.323033111111114
0.732129999999993,0.32234655555555836
0.7337999999999929,0.32166000000000294
0.7354699999999929,0.3209734444444473
0.7371399999999928,0.3202868888888919
0.7388099999999928,0.31960033333333626
0.7404799999999927,0.31891377777778074
0.7421499999999926,0.3182272222222252
0.7438199999999926,0.3175406666666697
0.7454899999999925,0.31685411111111417
0.7471599999999925,0.31616755555555864
0.7488299999999924,0.315481000000003
0.7504999999999924,0.3147944444444476
0.7521699999999923,0.31410788888889196
0.7538399999999923,0.31342133333333655
0.7555099999999922,0.3127347777777809
0.7571799999999922,0.3120482222222254
0.7588499999999921,0.31136166666666987
0.7605199999999921,0.31067511111111434
0.762189999999992,0.3099885555555588
0.763859999999992,0.3093020000000033
0.7655299999999919,0.30861544444444766
0.7671999999999919,0.30792888888889225
0.7688699999999918,0.3072423333333366
0.7705399999999918,0.3065557777777812
0.7722099999999917,0.30586922222222557
0.7738799999999917,0.30518266666667004
0.7755499999999916,0.3044961111111145
0.7772199999999916,0.303809555555559
0.7788899999999915,0.3031230000000035
0.7805599999999915,0.30243644444444795
0.7822299999999914,0.3017498888888923
0.7838999999999914,0.3010633333333369
0.7855699999999913,0.30037677777778127
0.7872399999999913,0.29969022222222585
0.7889099999999912,0.2990036666666702
0.7905799999999912,0.2983171111111147
0.7922499999999911,0.2976305555555592
0.7939199999999911,0.2969440000000036
0.795589999999991,0.2962574444444481
0.797259999999991,0.29557088888889255
0.7989299999999909,0.29488433333333697
0.8005999999999909,0.2941977777777815
0.8022699999999908,0.2935112222222259
0.8039399999999908,0.29282466666667045
0.8056099999999907,0.2921381111111149
0.8072799999999907,0.2914515555555593
0.8089499999999906,0.2907650000000038
0.8106199999999906,0.29007844444444825
0.8122899999999905,0.2893918888888928
0.8139599999999905,0.2887053333333372
0.8156299999999904,0.2880187777777816
0.8172999999999904,0.28733222222222615
0.8189699999999903,0.2866456666666706
0.8206399999999903,0.2859591111111151
0.8223099999999902,0.2852725555555595
0.8239799999999902,0.28458600000000395
0.8256499999999901,0.2838994444444485
0.8273199999999901,0.2832128888888929
0.82898999999999,0.28252633333333743
0.83065999999999,0.28183977777778185
0.8323299999999899,0.2811532222222263
0.8339999999999899,0.2804666666666708
0.8356699999999898,0.2797801111111152
0.8373399999999898,0.27909355555555976
0.8390099999999897,0.2784070000000042
0.8406799999999897,0.2777204444444486
0.8423499999999896,0.27703388888889313
0.8440199999999896,0.27634733333333755
0.8456899999999895,0.2756607777777821
0.8473599999999895,0.2749742222222265
0.8490299999999894,0.2742876666666709
0.8506999999999894,0.27360111111111546
0.8523699999999893,0.2729145555555599
0.8540399999999893,0.2722280000000044
0.8557099999999892,0.27154144444444883
0.8573799999999892,0.27085488888889325
0.8590499999999891,0.2701683333333378
0.860719999999989,0.2694817777777822
0.862389999999989,0.26879522222222674
0.864059999999989,0.26810866666667116
0.8657299999999889,0.2674221111111156
0.8673999999999888,0.2667355555555601
0.8690699999999888,0.26604900000000453
0.8707399999999887,0.26536244444444906
0.8724099999999887,0.2646758888888935
0.8740799999999886,0.2639893333333379
0.8757499999999886,0.26330277777778244
0.8774199999999885,0.26261622222222686
0.8790899999999885,0.2619296666666714
0.8807599999999884,0.2612431111111158
0.8824299999999884,0.26055655555556023
0.8840999999999883,0.25987000000000476
0.8857699999999883,0.2591834444444492
0.8874399999999882,0.2584968888888937
0.8891099999999882,0.25781033333333814
0.8907799999999881,0.25712377777778256
0.8924499999999881,0.2564372222222271
0.894119999999988,0.2557506666666715
0.895789999999988,0.25506411111111604
0.8974599999999879,0.25437755555556046
0.8991299999999879,0.2536910000000049
0.9007999999999878,0.2530044444444494
0.9024699999999878,0.25231788888889384
0.9041399999999877,0.25163133333333837
0.9058099999999877,0.2509447777777828
0.9074799999999876,0.2502582222222272
0.9091499999999876,0.24957166666667174
0.9108199999999875,0.24888511111111616
0.9124899999999875,0.2481985555555607
0.9141599999999874,0.24751200000000512
0.9158299999999874,0.24682544444444954
0.9174999999999873,0.24613888888889407
0.9191699999999873,0.2454523333333385
0.9208399999999872,0.24476577777778302
0.9225099999999872,0.24407922222222744
0.9241799999999871,0.24339266666667186
0.9258499999999871,0.2427061111111164
0.927519999999987,0.24201955555556082
0.929189999999987,0.24133300000000535
0.9308599999999869,0.24064644444444977
0.9325299999999869,0.2399598888888942
0.9341999999999868,0.23927333333333872
0.9358699999999868,0.23858677777778314
0.9375399999999867,0.23790022222222768
0.9392099999999867,0.2372136666666721
0.9408799999999866,0.23652711111111652
0.9425499999999866,0.23584055555556105
0.9442199999999865,0.23515400000000547
0.9458899999999865,0.23446744444445
0.9475599999999864,0.23378088888889442
0.9492299999999864,0.23309433333333884
0.9508999999999863,0.23240777777778338
0.9525699999999863,0.2317212222222278
0.9542399999999862,0.23103466666667233
0.9559099999999862,0.23034811111111675
0.9575799999999861,0.22966155555556117
0.9592499999999861,0.2289750000000057
0.960919999999986,0.22828844444445012
0.962589999999986,0.22760188888889465
0.9642599999999859,0.22691533333333908
0.9659299999999859,0.2262287777777835
0.9675999999999858,0.22554222222222803
0.9692699999999858,0.22485566666667245
0.9709399999999857,0.22416911111111698
0.9726099999999857,0.2234825555555614
0.9742799999999856,0.22279600000000582
0.9759499999999856,0.22210944444445035
0.9776199999999855,0.22142288888889478
0.9792899999999854,0.2207363333333393
0.9809599999999854,0.22004977777778373
0.9826299999999853,0.21936322222222815
0.9842999999999853,0.21867666666667268
0.9859699999999852,0.2179901111111171
0.9876399999999852,0.2173035555555617
0.9893099999999851,0.21661700000000605
0.9909799999999851,0.21593044444445053
0.992649999999985,0.215243888888895
0.994319999999985,0.21455733333333948
0.9959899999999849,0.21387077777778396
0.9976599999999849,0.21318422222222844
0.9993299999999848,0.2124976666666728
1.0009999999999848,0.2118111111111174
1.0026699999999849,0.21112455555556175
1.004339999999985,0.21043800000000623
1.006009999999985,0.2097514444444506
1.007679999999985,0.20906488888889507
1.009349999999985,0.20837833333333944
1.0110199999999852,0.20769177777778391
1.0126899999999852,0.20700522222222828
1.0143599999999853,0.20631866666667276
1.0160299999999853,0.20563211111111712
1.0176999999999854,0.2049455555555616
1.0193699999999855,0.20425900000000596
1.0210399999999855,0.20357244444445044
1.0227099999999856,0.2028858888888948
1.0243799999999856,0.20219933333333928
1.0260499999999857,0.20151277777778365
1.0277199999999858,0.20082622222222812
1.0293899999999858,0.2001396666666725
1.0310599999999859,0.19945311111111697
1.032729999999986,0.19876655555556133
1.034399999999986,0.1980800000000057
1.036069999999986,0.19739344444445017
1.0377399999999861,0.19670688888889465
1.0394099999999862,0.19602033333333901
1.0410799999999862,0.19533377777778338
1.0427499999999863,0.19464722222222786
1.0444199999999864,0.19396066666667233
1.0460899999999864,0.1932741111111167
1.0477599999999865,0.19258755555556106
1.0494299999999865,0.19190100000000554
1.0510999999999866,0.1912144444444499
1.0527699999999867,0.19052788888889438
1.0544399999999867,0.18984133333333875
1.0561099999999868,0.18915477777778322
1.0577799999999868,0.1884682222222276
1.059449999999987,0.18778166666667206
1.061119999999987,0.18709511111111643
1.062789999999987,0.1864085555555609
1.064459999999987,0.18572200000000527
1.0661299999999871,0.18503544444444975
1.0677999999999872,0.1843488888888941
1.0694699999999873,0.1836623333333386
1.0711399999999873,0.18297577777778296
1.0728099999999874,0.18228922222222743
1.0744799999999874,0.1816026666666718
1.0761499999999875,0.18091611111111627
1.0778199999999876,0.18022955555556064
1.0794899999999876,0.17954300000000512
1.0811599999999877,0.17885644444444948
1.0828299999999877,0.17816988888889396
1.0844999999999878,0.17748333333333832
1.0861699999999879,0.1767967777777828
1.087839999999988,0.17611022222222716
1.089509999999988,0.17542366666667164
1.091179999999988,0.174737111111116
1.092849999999988,0.17405055555556048
1.0945199999999882,0.17336400000000485
1.0961899999999882,0.17267744444444932
1.0978599999999883,0.1719908888888937
1.0995299999999884,0.17130433333333817
1.1011999999999884,0.17061777777778253
1.1028699999999885,0.169931222222227
1.1045399999999885,0.16924466666667137
1.1062099999999886,0.16855811111111585
1.1078799999999887,0.16787155555556021
1.1095499999999887,0.16718500000000458
1.1112199999999888,0.16649844444444906
1.1128899999999888,0.16581188888889353
1.114559999999989,0.1651253333333379
1.116229999999989,0.16443877777778226
1.117899999999989,0.16375222222222674
1.119569999999989,0.16306566666667122
1.1212399999999891,0.16237911111111558
1.1229099999999892,0.16169255555555995
1.1245799999999893,0.16100600000000442
1.1262499999999893,0.1603194444444488
1.1279199999999894,0.15963288888889327
1.1295899999999894,0.15894633333333763
1.1312599999999895,0.1582597777777821
1.1329299999999896,0.15757322222222647
1.1345999999999896,0.15688666666667095
1.1362699999999897,0.15620011111111531
1.1379399999999897,0.1555135555555598
1.1396099999999898,0.15482700000000416
1.1412799999999899,0.15414044444444863
1.14294999999999,0.153453888888893
1.14461999999999,0.15276733333333747
1.14628999999999,0.15208077777778184
1.14795999999999,0.15139422222222632
1.1496299999999902,0.15070766666667068
1.1512999999999902,0.15002111111111516
1.1529699999999903,0.14933455555555952
1.1546399999999903,0.148648000000004
1.1563099999999904,0.14796144444444836
1.1579799999999905,0.14727488888889284
1.1596499999999905,0.1465883333333372
1.1613199999999906,0.14590177777778168
1.1629899999999906,0.14521522222222605
1.1646599999999907,0.14452866666667052
1.1663299999999908,0.1438421111111149
1.1679999999999908,0.14315555555555937
1.1696699999999909,0.14246900000000373
1.171339999999991,0.1417824444444482
1.173009999999991,0.14109588888889257
1.174679999999991,0.14040933333333705
1.1763499999999911,0.13972277777778142
1.1780199999999912,0.1390362222222259
1.1796899999999912,0.13834966666667026
1.1813599999999913,0.13766311111111473
1.1830299999999914,0.1369765555555591
1.1846999999999914,0.13629000000000346
1.1863699999999915,0.13560344444444794
1.1880399999999915,0.13491688888889242
1.1897099999999916,0.13423033333333678
1.1913799999999917,0.13354377777778115
1.1930499999999917,0.13285722222222562
1.1947199999999918,0.1321706666666701
1.1963899999999918,0.13148411111111447
1.198059999999992,0.13079755555555883
1.199729999999992,0.1301110000000033
1.201399999999992,0.12942444444444767
1.203069999999992,0.12873788888889215
1.2047399999999922,0.12805133333333651
1.2064099999999922,0.127364777777781
1.2080799999999923,0.12667822222222536
1.2097499999999923,0.12599166666666983
1.2114199999999924,0.1253051111111142
1.2130899999999925,0.12461855555555867
1.2147599999999925,0.12393200000000304
1.2164299999999926,0.12324544444444752
1.2180999999999926,0.12255888888889188
1.2197699999999927,0.12187233333333636
1.2214399999999928,0.12118577777778072
1.2231099999999928,0.1204992222222252
1.2247799999999929,0.11981266666666956
1.226449999999993,0.11912611111111404
1.228119999999993,0.1184395555555584
1.229789999999993,0.11775300000000288
1.2314599999999931,0.11706644444444725
1.2331299999999932,0.11637988888889172
1.2347999999999932,0.11569333333333609
1.2364699999999933,0.11500677777778057
1.2381399999999934,0.11432022222222493
1.2398099999999934,0.11363366666666941
1.2414799999999935,0.11294711111111377
1.2431499999999935,0.11226055555555825
1.2448199999999936,0.11157400000000262
1.2464899999999937,0.11088744444444709
1.2481599999999937,0.11020088888889146
1.2498299999999938,0.10951433333333593
1.2514999999999938,0.1088277777777803
1.253169999999994,0.10814122222222466
1.254839999999994,0.10745466666666914
1.256509999999994,0.10676811111111362
1.258179999999994,0.10608155555555798
1.2598499999999941,0.10539500000000235
1.2615199999999942,0.10470844444444682
1.2631899999999943,0.1040218888888913
1.2648599999999943,0.10333533333333567
1.2665299999999944,0.10264877777778003
1.2681999999999944,0.10196222222222451
1.2698699999999945,0.10127566666666887
1.2715399999999946,0.10058911111111335
1.2732099999999946,0.09990255555555771
1.2748799999999947,0.09921600000000219
1.2765499999999947,0.09852944444444656
1.2782199999999948,0.09784288888889103
1.2798899999999949,0.0971563333333354
1.281559999999995,0.09646977777777987
1.283229999999995,0.09578322222222424
1.284899999999995,0.09509666666666872
1.286569999999995,0.09441011111111308
1.2882399999999952,0.09372355555555756
1.2899099999999952,0.09303700000000192
1.2915799999999953,0.0923504444444464
1.2932499999999953,0.09166388888889077
1.2949199999999954,0.09097733333333524
1.2965899999999955,0.09029077777777961
1.2982599999999955,0.08960422222222408
1.2999299999999956,0.08891766666666845
1.3015999999999956,0.0888888888888889
1.3032699999999957,0.0888888888888888
1.3049399999999958,0.0888888888888889
1.3066099999999958,0.0888888888888888
1.308279999999996,0.0888888888888889
1.309949999999996,0.0888888888888888
1.311619999999996,0.0888888888888889
1.313289999999996,0.0888888888888888
1.3149599999999961,0.0888888888888889
1.3166299999999962,0.0888888888888889
1.3182999999999963,0.0888888888888889
1.3199699999999963,0.0888888888888889
1.3216399999999964,0.0888888888888889
1.3233099999999964,0.0888888888888889
1.3249799999999965,0.0888888888888889
1.3266499999999966,0.0888888888888889
1.3283199999999966,0.0888888888888888
1.3299899999999967,0.0888888888888889
1.3316599999999967,0.0888888888888889
1.3333299999999968,0.0888888888888889
1.3349999999999969,0.0888888888888888
1.336669999999997,0.0888888888888889
1.338339999999997,0.0888888888888889
1.340009999999997,0.0888888888888889
1.341679999999997,0.0888888888888888
1.3433499999999972,0.0888888888888889
1.3450199999999972,0.0888888888888888
1.3466899999999973,0.0888888888888889
1.3483599999999973,0.0888888888888888
1.3500299999999974,0.0888888888888889
1.3516999999999975,0.0888888888888888
1.3533699999999975,0.0888888888888889
1.3550399999999976,0.0888888888888888
1.3567099999999976,0.0888888888888889
1.3583799999999977,0.0888888888888888
1.3600499999999978,0.0888888888888889
1.3617199999999978,0.0888888888888888
1.3633899999999979,0.0888888888888889
1.365059999999998,0.0888888888888888
1.366729999999998,0.0888888888888889
1.368399999999998,0.0888888888888888
1.3700699999999981,0.0888888888888889
1.3717399999999982,0.0888888888888888
1.3734099999999982,0.0888888888888889
1.3750799999999983,0.0888888888888888
1.3767499999999984,0.0888888888888889
1.3784199999999984,0.0888888888888888
1.3800899999999985,0.0888888888888889
1.3817599999999985,0.0888888888888888
1.3834299999999986,0.0888888888888889
1.3850999999999987,0.0888888888888888
1.3867699999999987,0.0888888888888889
1.3884399999999988,0.0888888888888889
1.3901099999999988,0.0888888888888889
1.391779999999999,0.0888888888888889
1.393449999999999,0.0888888888888889
1.395119999999999,0.0888888888888889
1.396789999999999,0.0888888888888888
1.3984599999999991,0.0888888888888889
1.4001299999999992,0.0888888888888889
1.4017999999999993,0.0888888888888889
1.4034699999999993,0.0888888888888888
1.4051399999999994,0.0888888888888889
1.4068099999999994,0.0888888888888889
1.4084799999999995,0.0888888888888889
1.4101499999999996,0.0888888888888888
1.4118199999999996,0.0888888888888889
1.4134899999999997,0.0888888888888889
1.4151599999999998,0.0888888888888889
1.4168299999999998,0.0888888888888888
1.4184999999999999,0.0888888888888889
1.42017,0.0888888888888888
1.42184,0.0888888888888889
1.42351,0.0888888888888888
1.4251800000000001,0.08901688888888892
1.4268500000000002,0.09020444444444453
1.4285200000000002,0.09139200000000014
1.4301900000000003,0.09257955555555575
1.4318600000000004,0.09376711111111136
1.4335300000000004,0.09495466666666685
1.4352000000000005,0.09614222222222257
1.4368700000000005,0.09732977777777807
1.4385400000000006,0.09851733333333379
1.4402100000000007,0.09970488888888929
1.4418800000000007,0.100892444444445
1.4435500000000008,0.1020800000000005
1.4452200000000008,0.10326755555555611
1.446890000000001,0.10445511111111172
1.448560000000001,0.10564266666666733
1.450230000000001,0.10683022222222294
1.451900000000001,0.10801777777777855
1.4535700000000011,0.10920533333333415
1.4552400000000012,0.11039288888888976
1.4569100000000013,0.11158044444444526
1.4585800000000013,0.11276800000000098
1.4602500000000014,0.11395555555555659
1.4619200000000014,0.1151431111111122
1.4635900000000015,0.1163306666666678
1.4652600000000016,0.11751822222222341
1.4669300000000016,0.11870577777777902
1.4686000000000017,0.11989333333333452
1.4702700000000017,0.12108088888889024
1.4719400000000018,0.12226844444444573
1.4736100000000019,0.12345600000000145
1.475280000000002,0.12464355555555695
1.476950000000002,0.12583111111111267
1.478620000000002,0.12701866666666817
1.480290000000002,0.12820622222222378
1.4819600000000022,0.12939377777777938
1.4836300000000022,0.130581333333335
1.4853000000000023,0.1317688888888906
1.4869700000000023,0.1329564444444462
1.4886400000000024,0.13414400000000182
1.4903100000000025,0.13533155555555743
1.4919800000000025,0.13651911111111303
1.4936500000000026,0.13770666666666864
1.4953200000000026,0.13889422222222414
1.4969900000000027,0.14008177777777986
1.4986600000000028,0.14126933333333536
1.5003300000000028,0.14245688888889085
1.5020000000000029,0.14364444444444657
1.503670000000003,0.1448320000000024
1.505340000000003,0.1460195555555578
1.507010000000003,0.1472071111111133
1.5086800000000031,0.148394666666669
1.5103500000000032,0.14958222222222484
1.5120200000000033,0.15076977777778022
1.5136900000000033,0.15195733333333572
1.5153600000000034,0.15314488888889144
1.5170300000000034,0.15433244444444727
1.5187000000000035,0.15552000000000255
1.5203700000000036,0.15670755555555804
1.5220400000000036,0.15789511111111376
1.5237100000000037,0.1590826666666696
1.5253800000000037,0.16027022222222498
1.5270500000000038,0.16145777777778048
1.5287200000000039,0.1626453333333362
1.530390000000004,0.16383288888889203
1.532060000000004,0.1650204444444474
1.533730000000004,0.1662080000000029
1.535400000000004,0.16739555555555874
1.5370700000000042,0.16858311111111446
1.5387400000000042,0.16977066666666996
1.5404100000000043,0.17095822222222523
1.5420800000000043,0.17214577777778106
1.5437500000000044,0.17333333333333678
1.5454200000000045,0.17452088888889228
1.5470900000000045,0.17570844444444766
1.5487600000000046,0.1768960000000035
1.5504300000000046,0.17808355555555921
1.5521000000000047,0.1792711111111147
1.5537700000000048,0.1804586666666701
1.5554400000000048,0.18164622222222593
1.5571100000000049,0.18283377777778165
1.558780000000005,0.18402133333333714
1.560450000000005,0.18520888888889242
1.562120000000005,0.18639644444444825
1.5637900000000051,0.18758400000000397
1.5654600000000052,0.18877155555555947
1.5671300000000052,0.18995911111111485
1.5688000000000053,0.19114666666667068
1.5704700000000054,0.1923342222222264
1.5721400000000054,0.1935217777777819
1.5738100000000055,0.1947093333333373
1.5754800000000055,0.19589688888889312
1.5771500000000056,0.19708444444444884
1.5788200000000057,0.19827200000000422
1.5804900000000057,0.1994595555555596
1.5821600000000058,0.20064711111111544
1.5838300000000058,0.20183466666667116
1.585500000000006,0.20302222222222666
1.587170000000006,0.20420977777778204
1.588840000000006,0.20539733333333787
1.590510000000006,0.2065848888888936
1.5921800000000061,0.2077724444444491
1.5938500000000062,0.20896000000000436
1.5955200000000063,0.2101475555555602
1.5971900000000063,0.21133511111111591
1.5988600000000064,0.2125226666666714
1.6005300000000064,0.2137102222222268
1.6022000000000065,0.21489777777778263
1.6038700000000066,0.21608533333333846
1.6055400000000066,0.21727288888889384
1.6072100000000067,0.21846044444444912
1.6088800000000067,0.21964800000000495
1.6105500000000068,0.22083555555556078
1.6122200000000069,0.22202311111111617
1.613890000000007,0.22321066666667166
1.615560000000007,0.22439822222222738
1.617230000000007,0.22558577777778321
1.6189000000000071,0.2267733333333386
1.6205700000000072,0.2279608888888941
1.6222400000000072,0.22914844444444982
1.6239100000000073,0.23033600000000565
1.6255800000000074,0.23152355555556092
1.6272500000000074,0.23271111111111642
1.6289200000000075,0.23389866666667214
1.6305900000000075,0.23508622222222797
1.6322600000000076,0.23627377777778336
1.6339300000000077,0.23746133333333885
1.6356000000000077,0.23864888888889457
1.6372700000000078,0.2398364444444504
1.6389400000000078,0.2410240000000058
1.640610000000008,0.24221155555556118
1.642280000000008,0.2433991111111169
1.643950000000008,0.24458666666667273
1.645620000000008,0.2457742222222281
1.6472900000000081,0.2469617777777836
1.6489600000000082,0.24814933333333933
1.6506300000000083,0.24933688888889516
1.6523000000000083,0.25052444444445054
1.6539700000000084,0.25171200000000604
1.6556400000000084,0.25289955555556176
1.6573100000000085,0.2540871111111176
1.6589800000000086,0.25527466666667287
1.6606500000000086,0.25646222222222836
1.6623200000000087,0.2576497777777841
1.6639900000000087,0.2588373333333399
1.6656600000000088,0.2600248888888953
1.6673300000000089,0.2612124444444508
1.669000000000009,0.2624000000000065
1.670670000000009,0.26358755555556235
1.672340000000009,0.26477511111111773
1.674010000000009,0.2659626666666731
1.6756800000000092,0.26715022222222884
1.6773500000000092,0.26833777777778467
1.6790200000000093,0.26952533333334017
1.6806900000000093,0.27071288888889555
1.6823600000000094,0.2719004444444513
1.6840300000000095,0.2730880000000071
1.6857000000000095,0.2742755555555626
1.6873700000000096,0.275463111111118
1.6890400000000096,0.2766506666666738
1.6907100000000097,0.27783822222222954
1.6923800000000098,0.2790257777777849
1.6940500000000098,0.2802133333333403
1.6957200000000099,0.28140088888889614
1.69739000000001,0.28258844444445186
1.69906000000001,0.28377600000000736
1.70073000000001,0.28496355555556274
1.7024000000000101,0.2861511111111186
1.7040700000000102,0.2873386666666743
1.7057400000000102,0.2885262222222298
1.7074100000000103,0.28971377777778506
1.7090800000000104,0.2909013333333409
1.7107500000000104,0.2920888888888966
1.7124200000000105,0.2932764444444521
1.7140900000000105,0.2944640000000075
1.7157600000000106,0.29565155555556333
1.7174300000000107,0.29683911111111905
1.7191000000000107,0.29802666666667454
1.7207700000000108,0.29921422222222993
1.7224400000000109,0.30040177777778576
1.724110000000011,0.3015893333333415
1.725780000000011,0.30277688888889687
1.727450000000011,0.30396444444445225
1.729120000000011,0.3051520000000081
1.7307900000000112,0.3063395555555638
1.7324600000000112,0.3075271111111193
1.7341300000000113,0.3087146666666747
1.7358000000000113,0.3099022222222305
1.7374700000000114,0.31108977777778624
1.7391400000000115,0.31227733333334173
1.7408100000000115,0.313464888888897
1.7424800000000116,0.31465244444445284
1.7441500000000116,0.31584000000000856
1.7458200000000117,0.31702755555556406
1.7474900000000118,0.31821511111111955
1.7491600000000118,0.3194026666666753
1.7508300000000119,0.320590222222231
1.752500000000012,0.3217777777777865
1.754170000000012,0.322965333333342
1.755840000000012,0.3241528888888977
1.7575100000000121,0.32534044444445354
1.7591800000000122,0.3265280000000088
1.7608500000000122,0.3277155555555643
1.7625200000000123,0.32890311111112003
1.7641900000000124,0.33009066666667586
1.7658600000000124,0.33127822222223124
1.7675300000000125,0.33246577777778674
1.7692000000000125,0.33365333333334246
1.7708700000000126,0.3348408888888983
1.7725400000000127,0.3360284444444537
1.7742100000000127,0.33721600000000906
1.7758800000000128,0.3384035555555648
1.7775500000000128,0.3395911111111206
1.779220000000013,0.340778666666676
1.780890000000013,0.3419662222222315
1.782560000000013,0.3431537777777872
1.784230000000013,0.34434133333334305
1.7859000000000131,0.34552888888889843
1.7875700000000132,0.3467164444444538
1.7892400000000133,0.34790400000000954
1.7909100000000133,0.34909155555556537
1.7925800000000134,0.35027911111112076
1.7942500000000134,0.35146666666667625
1.7959200000000135,0.35265422222223197
1.7975900000000136,0.3538417777777878
1.7992600000000136,0.3550293333333432
1.8009300000000137,0.3562168888888987
1.8026000000000137,0.3574044444444544
1.8042700000000138,0.35859200000001024
1.8059400000000139,0.3597795555555655
1.807610000000014,0.360967111111121
1.809280000000014,0.36215466666667673
1.810950000000014,0.36334222222223256
1.812620000000014,0.36452977777778794
1.8142900000000142,0.36571733333334344
1.8159600000000142,0.36690488888889916
1.8176300000000143,0.368092444444455
1.8193000000000144,0.3692800000000104
1.8209700000000144,0.37046755555556576
1.8226400000000145,0.3716551111111216
1.8243100000000145,0.3728426666666773
1.8259800000000146,0.3740302222222327
1.8276500000000147,0.3752177777777882
1.8293200000000147,0.376405333333344
1.8309900000000148,0.37759288888889975
1.8326600000000148,0.37878044444445524
1.834330000000015,0.37996800000001063
1.836000000000015,0.38115555555556646
1.837670000000015,0.3823431111111222
1.839340000000015,0.38353066666667757
1.8410100000000151,0.38471822222223295
1.8426800000000152,0.3859057777777888
1.8443500000000153,0.3870933333333445
1.8460200000000153,0.3882808888889
1.8476900000000154,0.3894684444444554
1.8493600000000154,0.3906560000000112
1.8510300000000155,0.39184355555556694
1.8527000000000156,0.3930311111111223
1.8543700000000156,0.3942186666666777
1.8560400000000157,0.39540622222223354
1.8577100000000157,0.39659377777778926
1.8593800000000158,0.39778133333334476
1.8610500000000159,0.39896888888890014
1.862720000000016,0.40015644444445597
1.864390000000016,0.4013440000000117
1.866060000000016,0.4025315555555672
1.867730000000016,0.40371911111112246
1.8694000000000162,0.4049066666666783
1.8710700000000162,0.406094222222234
1.8727400000000163,0.4072817777777895
1.8744100000000163,0.4084693333333449
1.8760800000000164,0.4096568888889007
1.8777500000000165,0.41084444444445645
1.8794200000000165,0.41203200000001194
1.8810900000000166,0.41321955555556733
1.8827600000000166,0.41440711111112316
1.8844300000000167,0.4155946666666789
1.8861000000000168,0.41678222222223427
1.8877700000000168,0.41796977777778965
1.8894400000000169,0.4191573333333455
1.891110000000017,0.4203448888889012
1.892780000000017,0.4215324444444567
1.894450000000017,0.4227200000000121
1.8961200000000171,0.4239075555555679
1.8977900000000172,0.42509511111112375
1.8994600000000172,0.42628266666667913
1.9011300000000173,0.4274702222222345
1.9028000000000174,0.42865777777779024
1.9044700000000174,0.42984533333334607
1.9061400000000175,0.43103288888890146
1.9078100000000175,0.43222044444445695
1.9094800000000176,0.43340800000001267
1.9111500000000177,0.4345955555555685
1.9128200000000177,0.4357831111111239
1.9144900000000178,0.4369706666666794
1.9161600000000178,0.4381582222222351
1.917830000000018,0.43934577777779094
1.919500000000018,0.4405333333333462
1.921170000000018,0.4417208888889017
1.922840000000018,0.4429084444444574
1.9245100000000182,0.44409600000001326
1.9261800000000182,0.44528355555556864
1.9278500000000183,0.44647111111112403
1.9295200000000183,0.44765866666667975
1.9311900000000184,0.4488462222222356
1.9328600000000185,0.4500337777777911
1.9345300000000185,0.45122133333334646
1.9362000000000186,0.4524088888889022
1.9378700000000186,0.453596444444458
1.9395400000000187,0.4547840000000135
1.9412100000000188,0.4559715555555689
1.9428800000000188,0.4571591111111246
1.9445500000000189,0.45834666666668045
1.946220000000019,0.4595342222222357
1.947890000000019,0.46072177777779133
1.949560000000019,0.46190933333334705
1.9512300000000191,0.4630968888889029
1.9529000000000192,0.46428444444445816
1.9545700000000192,0.46547200000001376
1.9562400000000193,0.4666595555555695
1.9579100000000194,0.4678471111111253
1.9595800000000194,0.4690346666666806
1.9612500000000195,0.4702222222222362
1.9629200000000195,0.4714097777777919
1.9645900000000196,0.47259733333334775
1.9662600000000197,0.47378488888890313
1.9679300000000197,0.4749724444444584
1.9696000000000198,0.4761600000000141
1.9712700000000198,0.47734755555556996
1.97294000000002,0.47853511111112557
1.97461000000002,0.47972266666668084
1.97628000000002,0.48091022222223667
1.97795000000002,0.4820977777777924
1.9796200000000201,0.483285333333348
1.9812900000000202,0.4844728888889033
1.9829600000000203,0.4856604444444591
1.9846300000000203,0.4868480000000148
1.9863000000000204,0.4880355555555702
1.9879700000000204,0.4892231111111257
1.9896400000000205,0.49041066666668154
1.9913100000000206,0.49159822222223726
1.9929800000000206,0.49278577777779264
1.9946500000000207,0.49397333333334814
1.9963200000000207,0.49516088888890397
1.9979900000000208,0.4963484444444597
1.9996600000000209,0.4975360000000151
2.0013300000000207,0.49872355555557035
2.0030000000000205,0.49991111111112596
2.0046700000000204,0.5010986666666813
2.00634000000002,0.5022862222222368
2.00801000000002,0.5034737777777922
2.00968000000002,0.5046613333333478
2.0113500000000197,0.5058488888889032
2.0130200000000196,0.5070364444444585
2.0146900000000194,0.5082240000000141
2.0163600000000192,0.5094115555555695
2.018030000000019,0.510599111111125
2.019700000000019,0.5117866666666804
2.0213700000000188,0.5129742222222358
2.0230400000000186,0.5141617777777913
2.0247100000000184,0.5153493333333466
2.0263800000000183,0.5165368888889023
2.028050000000018,0.5177244444444575
2.029720000000018,0.5189120000000129
2.031390000000018,0.5200995555555685
2.0330600000000176,0.5212871111111239
2.0347300000000175,0.5224746666666794
2.0364000000000173,0.5236622222222348
2.038070000000017,0.5248497777777901
2.039740000000017,0.5260373333333457
2.041410000000017,0.5272248888889011
2.0430800000000167,0.5284124444444567
2.0447500000000165,0.529600000000012
2.0464200000000163,0.5307875555555673
2.048090000000016,0.531975111111123
2.049760000000016,0.5331626666666782
2.051430000000016,0.5343502222222338
2.0531000000000157,0.5355377777777892
2.0547700000000155,0.5367253333333446
2.0564400000000154,0.5379128888889001
2.058110000000015,0.5391004444444555
2.059780000000015,0.540288000000011
2.061450000000015,0.5414755555555664
2.0631200000000147,0.5426631111111218
2.0647900000000146,0.5438506666666774
2.0664600000000144,0.5450382222222326
2.0681300000000142,0.5462257777777882
2.069800000000014,0.5474133333333436
2.071470000000014,0.5486008888888989
2.0731400000000137,0.5497884444444545
2.0748100000000136,0.5509760000000099
2.0764800000000134,0.5521635555555654
2.0781500000000133,0.5533511111111208
2.079820000000013,0.5545386666666762
2.081490000000013,0.5557262222222317
2.083160000000013,0.5569137777777871
2.0848300000000126,0.5581013333333427
2.0865000000000125,0.559288888888898
2.0881700000000123,0.5604764444444535
2.089840000000012,0.5616640000000089
2.091510000000012,0.5628515555555643
2.093180000000012,0.5640391111111198
2.0948500000000116,0.5652266666666752
2.0965200000000115,0.5664142222222308
2.0981900000000113,0.5676017777777861
2.099860000000011,0.5687893333333415
2.101530000000011,0.5699768888888971
2.103200000000011,0.5711644444444524
2.1048700000000107,0.572352000000008
2.1065400000000105,0.5735395555555634
2.1082100000000104,0.5747271111111187
2.10988000000001,0.5759146666666742
2.11155000000001,0.5771022222222296
2.11322000000001,0.5782897777777852
2.1148900000000097,0.5794773333333405
2.1165600000000095,0.5806648888888959
2.1182300000000094,0.5818524444444515
2.119900000000009,0.5830400000000068
2.121570000000009,0.5842275555555624
2.123240000000009,0.5854151111111178
2.1249100000000087,0.586602666666673
2.1265800000000086,0.5877902222222287
2.1282500000000084,0.588977777777784
2.1299200000000083,0.5901653333333396
2.131590000000008,0.5913528888888949
2.133260000000008,0.5925404444444503
2.1349300000000078,0.5937280000000058
2.1366000000000076,0.5949155555555612
2.1382700000000074,0.5961031111111168
2.1399400000000073,0.5972906666666722
2.141610000000007,0.5984782222222277
2.143280000000007,0.5996657777777831
2.144950000000007,0.6008533333333385
2.1466200000000066,0.602040888888894
2.1482900000000065,0.6032284444444493
2.1499600000000063,0.604416000000005
2.151630000000006,0.6056035555555602
2.153300000000006,0.6067911111111156
2.154970000000006,0.6079786666666712
2.1566400000000057,0.6091662222222265
2.1583100000000055,0.6103537777777821
2.1599800000000053,0.6115413333333375
2.161650000000005,0.6127288888888929
2.163320000000005,0.6139164444444484
2.164990000000005,0.6151040000000038
2.1666600000000047,0.6162915555555594
2.1683300000000045,0.6174791111111146
2.1700000000000044,0.61866666666667
2.171670000000004,0.6198542222222256
2.173340000000004,0.6210417777777809
2.175010000000004,0.6222293333333365
2.1766800000000037,0.6234168888888919
2.1783500000000036,0.6246044444444472
2.1800200000000034,0.6257920000000028
2.1816900000000032,0.6269795555555582
2.183360000000003,0.6281671111111138
2.185030000000003,0.6293546666666691
2.1867000000000028,0.6305422222222244
2.1883700000000026,0.63172977777778
2.1900400000000024,0.6329173333333353
2.1917100000000023,0.6341048888888909
2.193380000000002,0.6352924444444463
2.195050000000002,0.6364800000000016
2.196720000000002,0.6376675555555572
2.1983900000000016,0.6388551111111126
2.2000600000000015,0.6400426666666681
2.2017300000000013,0.6412302222222235
2.203400000000001,0.6424177777777789
2.205070000000001,0.6436053333333345
2.206740000000001,0.6447928888888897
2.2084100000000007,0.6459804444444454
2.2100800000000005,0.6471680000000006
2.2117500000000003,0.6483555555555562
2.21342,0.6495431111111116
2.21509,0.650730666666667
2.21676,0.6519182222222225
2.2184299999999997,0.6531057777777779
2.2200999999999995,0.6542933333333335
2.2217699999999994,0.6554808888888888
2.223439999999999,0.6566684444444442
2.225109999999999,0.6578559999999998
2.226779999999999,0.6590435555555552
2.2284499999999987,0.6602311111111107
2.2301199999999985,0.661418666666666
2.2317899999999984,0.6626062222222213
2.2334599999999982,0.6637937777777769
2.235129999999998,0.6649813333333323
2.236799999999998,0.6661688888888879
2.2384699999999977,0.6673564444444432
2.2401399999999976,0.6685439999999986
2.2418099999999974,0.6697315555555542
2.2434799999999973,0.6709191111111095
2.245149999999997,0.6721066666666651
2.246819999999997,0.6732942222222205
2.2484899999999968,0.6744817777777757
2.2501599999999966,0.6756693333333313
2.2518299999999964,0.6768568888888867
2.2534999999999963,0.6780444444444422
2.255169999999996,0.6792319999999976
2.256839999999996,0.680419555555553
2.258509999999996,0.6816071111111086
2.2601799999999956,0.6827946666666639
2.2618499999999955,0.6839822222222195
2.2635199999999953,0.6851697777777749
2.265189999999995,0.6863573333333304
2.266859999999995,0.6875448888888858
2.268529999999995,0.6887324444444411
2.2701999999999947,0.6899199999999966
2.2718699999999945,0.691107555555552
2.2735399999999943,0.6922951111111076
2.275209999999994,0.6934826666666629
2.276879999999994,0.6946702222222183
2.278549999999994,0.6958577777777739
2.2802199999999937,0.6970453333333293
2.2818899999999935,0.6982328888888848
2.2835599999999934,0.6994204444444402
2.285229999999993,0.7006079999999956
2.286899999999993,0.7017955555555511
2.288569999999993,0.7029831111111065
2.2902399999999927,0.7041706666666621
2.2919099999999926,0.7053582222222173
2.2935799999999924,0.7065457777777727
2.2952499999999922,0.7077333333333283
2.296919999999992,0.7089208888888836
2.298589999999992,0.7101084444444392
2.3002599999999918,0.7111140000000002
2.3019299999999916,0.7111325555555559
2.3035999999999914,0.7111511111111114
2.3052699999999913,0.7111696666666668
2.306939999999991,0.7111882222222223
2.308609999999991,0.711206777777778
2.310279999999991,0.7112253333333336
2.3119499999999906,0.7112438888888892
2.3136199999999905,0.7112624444444445
2.3152899999999903,0.7112810000000002
2.31695999999999,0.7112995555555558
2.31862999999999,0.7113181111111113
2.32029999999999,0.711336666666667
2.3219699999999897,0.7113552222222224
2.3236399999999895,0.7113737777777779
2.3253099999999893,0.7113923333333335
2.326979999999989,0.7114108888888891
2.328649999999989,0.7114294444444447
2.330319999999989,0.7114480000000001
2.3319899999999887,0.7114665555555557
2.3336599999999885,0.7114851111111113
2.3353299999999884,0.7115036666666669
2.336999999999988,0.7115222222222225
2.338669999999988,0.7115407777777779
2.340339999999988,0.7115593333333334
2.3420099999999877,0.7115778888888891
2.3436799999999876,0.7115964444444447
2.3453499999999874,0.7116150000000002
2.3470199999999872,0.7116335555555556
2.348689999999987,0.7116521111111113
2.350359999999987,0.7116706666666668
2.3520299999999867,0.7116892222222224
2.3536999999999866,0.711707777777778
2.3553699999999864,0.7117263333333335
2.3570399999999863,0.711744888888889
2.358709999999986,0.7117634444444446
2.360379999999986,0.7117820000000002
2.3620499999999858,0.7118005555555558
2.3637199999999856,0.7118191111111112
2.3653899999999854,0.7118376666666668
2.3670599999999853,0.7118562222222223
2.368729999999985,0.711874777777778
2.370399999999985,0.7118933333333336
2.372069999999985,0.7119118888888889
2.3737399999999846,0.7119304444444445
2.3754099999999845,0.7119490000000002
2.3770799999999843,0.7119675555555558
2.378749999999984,0.7119861111111113
2.380419999999984,0.7120046666666667
2.382089999999984,0.7120232222222223
2.3837599999999837,0.7120417777777779
2.3854299999999835,0.7120603333333335
2.3870999999999833,0.7120788888888891
2.388769999999983,0.7120974444444444
2.390439999999983,0.7121160000000001
2.392109999999983,0.7121345555555557
2.3937799999999827,0.7121531111111112
2.3954499999999825,0.7121716666666669
2.3971199999999824,0.7121902222222223
2.398789999999982,0.7122087777777779
2.400459999999982,0.7122273333333334
2.402129999999982,0.7122458888888891
2.4037999999999817,0.7122644444444446
2.4054699999999816,0.712283
2.4071399999999814,0.7123015555555556
2.4088099999999812,0.7123201111111113
2.410479999999981,0.7123386666666668
2.412149999999981,0.7123572222222224
2.4138199999999808,0.7123757777777778
2.4154899999999806,0.7123943333333334
2.4171599999999804,0.712412888888889
2.4188299999999803,0.7124314444444446
2.42049999999998,0.7124500000000001
2.42216999999998,0.7124685555555555
2.42383999999998,0.7124871111111112
2.4255099999999796,0.7121430000000146
2.4271799999999795,0.7109740000000148
2.4288499999999793,0.7098050000000149
2.430519999999979,0.7086360000000148
2.432189999999979,0.707467000000015
2.433859999999979,0.7062980000000152
2.4355299999999787,0.7051290000000153
2.4371999999999785,0.7039600000000155
2.4388699999999783,0.7027910000000154
2.440539999999978,0.7016220000000155
2.442209999999978,0.7004530000000156
2.443879999999978,0.6992840000000159
2.4455499999999777,0.698115000000016
2.4472199999999775,0.6969460000000159
2.4488899999999774,0.6957770000000161
2.450559999999977,0.6946080000000162
2.452229999999977,0.6934390000000163
2.453899999999977,0.6922700000000166
2.4555699999999767,0.6911010000000165
2.4572399999999766,0.6899320000000166
2.4589099999999764,0.6887630000000168
2.4605799999999762,0.6875940000000169
2.462249999999976,0.686425000000017
2.463919999999976,0.6852560000000171
2.4655899999999757,0.6840870000000172
2.4672599999999756,0.6829180000000173
2.4689299999999754,0.6817490000000175
2.4705999999999753,0.6805800000000176
2.472269999999975,0.6794110000000175
2.473939999999975,0.6782420000000178
2.4756099999999748,0.6770730000000179
2.4772799999999746,0.675904000000018
2.4789499999999745,0.6747350000000182
2.4806199999999743,0.6735660000000181
2.482289999999974,0.6723970000000183
2.483959999999974,0.6712280000000185
2.485629999999974,0.6700590000000186
2.4872999999999736,0.6688900000000185
2.4889699999999735,0.6677210000000187
2.4906399999999733,0.6665520000000188
2.492309999999973,0.6653830000000189
2.493979999999973,0.6642140000000192
2.495649999999973,0.6630450000000191
2.4973199999999727,0.6618760000000192
2.4989899999999725,0.6607070000000194
2.5006599999999723,0.6595380000000195
2.502329999999972,0.6583690000000197
2.503999999999972,0.6572000000000197
2.505669999999972,0.6560310000000198
2.5073399999999717,0.6548620000000199
2.5090099999999715,0.6536930000000201
2.5106799999999714,0.6525240000000202
2.512349999999971,0.6513550000000201
2.514019999999971,0.6501860000000204
2.515689999999971,0.6490170000000205
2.5173599999999707,0.6478480000000206
2.5190299999999706,0.6466790000000208
2.5206999999999704,0.6455100000000207
2.5223699999999702,0.6443410000000209
2.52403999999997,0.6431720000000211
2.52570999999997,0.6420030000000212
2.5273799999999698,0.6408340000000213
2.5290499999999696,0.6396650000000212
2.5307199999999694,0.6384960000000214
2.5323899999999693,0.6373270000000215
2.534059999999969,0.6361580000000218
2.535729999999969,0.6349890000000219
2.537399999999969,0.6338200000000218
2.5390699999999686,0.632651000000022
2.5407399999999685,0.6314820000000221
2.5424099999999683,0.6303130000000223
2.544079999999968,0.6291440000000225
2.545749999999968,0.6279750000000224
2.547419999999968,0.6268060000000225
2.5490899999999677,0.6256370000000226
2.5507599999999675,0.6244680000000228
2.5524299999999673,0.623299000000023
2.554099999999967,0.6221300000000229
2.555769999999967,0.6209610000000231
2.557439999999967,0.6197920000000232
2.5591099999999667,0.6186230000000233
2.5607799999999665,0.6174540000000236
2.5624499999999664,0.6162850000000235
2.564119999999966,0.6151160000000236
2.565789999999966,0.6139470000000238
2.567459999999966,0.6127780000000239
2.5691299999999657,0.6116090000000242
2.5707999999999656,0.6104400000000241
2.5724699999999654,0.6092710000000242
2.5741399999999652,0.6081020000000243
2.575809999999965,0.6069330000000245
2.577479999999965,0.6057640000000247
2.5791499999999647,0.6045950000000246
2.5808199999999646,0.6034260000000248
2.5824899999999644,0.6022570000000249
2.5841599999999643,0.601088000000025
2.585829999999964,0.5999190000000253
2.587499999999964,0.5987500000000252
2.589169999999964,0.5975810000000253
2.5908399999999636,0.5964120000000255
2.5925099999999635,0.5952430000000256
2.5941799999999633,0.5940740000000259
2.595849999999963,0.5929050000000258
2.597519999999963,0.5917360000000259
2.599189999999963,0.590567000000026
2.6008599999999626,0.5893980000000263
2.6025299999999625,0.5882290000000264
2.6041999999999623,0.5870600000000263
2.605869999999962,0.5858910000000265
2.607539999999962,0.5847220000000266
2.609209999999962,0.5835530000000269
2.6108799999999617,0.582384000000027
2.6125499999999615,0.5812150000000269
2.6142199999999614,0.580046000000027
2.615889999999961,0.5788770000000272
2.617559999999961,0.5777080000000274
2.619229999999961,0.5765390000000276
2.6208999999999607,0.5753700000000275
2.6225699999999605,0.5742010000000276
2.6242399999999604,0.5730320000000277
2.62590999999996,0.571863000000028
2.62757999999996,0.5706940000000281
2.62924999999996,0.569525000000028
2.6309199999999597,0.5683560000000282
2.6325899999999596,0.5671870000000283
2.6342599999999594,0.5660180000000286
2.6359299999999593,0.5648490000000287
2.637599999999959,0.5636800000000286
2.639269999999959,0.5625110000000287
2.6409399999999588,0.5613420000000289
2.6426099999999586,0.5601730000000291
2.6442799999999584,0.5590040000000293
2.6459499999999583,0.5578350000000292
2.647619999999958,0.5566660000000293
2.649289999999958,0.5554970000000294
2.650959999999958,0.5543280000000297
2.6526299999999576,0.5531590000000298
2.6542999999999575,0.5519900000000297
2.6559699999999573,0.5508210000000299
2.657639999999957,0.54965200000003
2.659309999999957,0.5484830000000303
2.660979999999957,0.5473140000000304
2.6626499999999567,0.5461450000000303
2.6643199999999565,0.5449760000000304
2.6659899999999563,0.5438070000000306
2.667659999999956,0.5426380000000308
2.669329999999956,0.541469000000031
2.670999999999956,0.5403000000000309
2.6726699999999557,0.539131000000031
2.6743399999999555,0.5379620000000311
2.6760099999999554,0.5367930000000314
2.677679999999955,0.5356240000000315
2.679349999999955,0.5344550000000314
2.681019999999955,0.5332860000000316
2.6826899999999547,0.5321170000000317
2.6843599999999546,0.530948000000032
2.6860299999999544,0.5297790000000321
2.6876999999999542,0.528610000000032
2.689369999999954,0.5274410000000321
2.691039999999954,0.5262720000000323
2.6927099999999538,0.5251030000000325
2.6943799999999536,0.5239340000000327
2.6960499999999534,0.5227650000000326
2.6977199999999533,0.5215960000000327
2.699389999999953,0.5204270000000328
2.701059999999953,0.5192580000000331
2.702729999999953,0.5180890000000332
2.7043999999999526,0.5169200000000331
2.7060699999999525,0.5157510000000333
2.7077399999999523,0.5145820000000334
2.709409999999952,0.5134130000000336
2.711079999999952,0.5122440000000338
2.712749999999952,0.5110750000000337
2.7144199999999516,0.5099060000000338
2.7160899999999515,0.508737000000034
2.7177599999999513,0.5075680000000342
2.719429999999951,0.5063990000000343
2.721099999999951,0.5052300000000343
2.722769999999951,0.5040610000000344
2.7244399999999507,0.5028920000000345
2.7261099999999505,0.5017230000000348
2.7277799999999504,0.5005540000000349
2.72944999999995,0.49938500000003483
2.73111999999995,0.49821600000003496
2.73278999999995,0.4970470000000351
2.7344599999999497,0.49587800000003535
2.7361299999999495,0.4947090000000355
2.7377999999999494,0.4935400000000354
2.7394699999999492,0.49237100000003553
2.741139999999949,0.49120200000003567
2.742809999999949,0.4900330000000359
2.7444799999999487,0.48886400000003605
2.7461499999999486,0.48769500000003596
2.7478199999999484,0.4865260000000361
2.7494899999999483,0.48535700000003623
2.751159999999948,0.4841880000000365
2.752829999999948,0.4830190000000366
2.7544999999999478,0.4818500000000365
2.7561699999999476,0.48068100000003666
2.7578399999999474,0.4795120000000368
2.7595099999999473,0.47834300000003704
2.761179999999947,0.4771740000000372
2.762849999999947,0.4760050000000371
2.764519999999947,0.47483600000003723
2.7661899999999466,0.47366700000003736
2.7678599999999465,0.4724980000000376
2.7695299999999463,0.47132900000003775
2.771199999999946,0.47016000000003766
2.772869999999946,0.4689910000000378
2.774539999999946,0.46782200000003793
2.7762099999999457,0.4666530000000382
2.7778799999999455,0.4654840000000381
2.7795499999999453,0.4643150000000382
2.781219999999945,0.46314600000003836
2.782889999999945,0.4619770000000386
2.784559999999945,0.46080800000003874
2.7862299999999447,0.45963900000003866
2.7878999999999445,0.4584700000000388
2.7895699999999444,0.4573010000000389
2.791239999999944,0.4561320000000392
2.792909999999944,0.4549630000000393
2.794579999999944,0.4537940000000392
2.7962499999999437,0.45262500000003936
2.7979199999999436,0.4514560000000395
2.7995899999999434,0.45028700000003974
2.8012599999999432,0.4491180000000399
2.802929999999943,0.4479490000000398
2.804599999999943,0.4467800000000399
2.8062699999999428,0.44561100000004006
2.8079399999999426,0.4444420000000403
2.8096099999999424,0.44327300000004044
2.8112799999999423,0.44210400000004035
2.812949999999942,0.4409350000000405
2.814619999999942,0.4397660000000406
2.816289999999942,0.43859700000004087
2.8179599999999416,0.437428000000041
2.8196299999999415,0.4362590000000409
2.8212999999999413,0.43509000000004106
2.822969999999941,0.4339210000000412
2.824639999999941,0.43275200000004144
2.826309999999941,0.4315830000000416
2.8279799999999407,0.4304140000000415
2.8296499999999405,0.4292450000000416
2.8313199999999403,0.42807600000004176
2.83298999999994,0.426907000000042
2.83465999999994,0.42573800000004214
2.83632999999994,0.42456900000004205
2.8379999999999397,0.4234000000000422
2.8396699999999395,0.4222310000000423
2.8413399999999394,0.42106200000004257
2.843009999999939,0.4198930000000427
2.844679999999939,0.4187240000000426
2.846349999999939,0.41755500000004275
2.8480199999999387,0.416386000000043
2.8496899999999385,0.41521700000004313
2.8513599999999384,0.41404800000004327
2.8530299999999382,0.4128790000000432
2.854699999999938,0.4117100000000433
2.856369999999938,0.41054100000004357
2.8580399999999377,0.4093720000000437
2.8597099999999376,0.40820300000004384
2.8613799999999374,0.40703400000004375
2.8630499999999373,0.4058650000000439
2.864719999999937,0.40469600000004413
2.866389999999937,0.40352700000004427
2.8680599999999368,0.4023580000000444
2.8697299999999366,0.4011890000000443
2.8713999999999364,0.40002000000004445
2.8730699999999363,0.3988510000000447
2.874739999999936,0.39768200000004483
2.876409999999936,0.39651300000004497
2.878079999999936,0.3953440000000449
2.8797499999999356,0.394175000000045
2.8814199999999355,0.39300600000004526
2.8830899999999353,0.3918370000000454
2.884759999999935,0.39066800000004553
2.886429999999935,0.38949900000004545
2.888099999999935,0.3883300000000456
2.8897699999999347,0.38716100000004583
2.8914399999999345,0.38599200000004597
2.8931099999999343,0.3848230000000461
2.894779999999934,0.383654000000046
2.896449999999934,0.38248500000004615
2.898119999999934,0.3813160000000464
2.8997899999999337,0.38014700000004653
2.9014599999999335,0.37897800000004667
2.9031299999999334,0.3778090000000466
2.904799999999933,0.3766400000000467
2.906469999999933,0.37547100000004696
2.908139999999933,0.3743020000000471
2.9098099999999327,0.37313300000004723
2.9114799999999326,0.37196400000004715
2.9131499999999324,0.3707950000000473
2.9148199999999322,0.3696260000000475
2.916489999999932,0.36845700000004766
2.918159999999932,0.3672880000000478
2.9198299999999318,0.3661190000000477
2.9214999999999316,0.36495000000004785
2.9231699999999314,0.3637810000000481
2.9248399999999313,0.36261200000004823
2.926509999999931,0.36144300000004836
2.928179999999931,0.3602740000000484
2.929849999999931,0.3591050000000484
2.9315199999999306,0.35793600000004866
2.9331899999999305,0.3567670000000487
2.9348599999999303,0.35559800000004893
2.93652999999993,0.35442900000004895
2.93819999999993,0.353260000000049
2.93986999999993,0.3520910000000492
2.9415399999999297,0.35092200000004925
2.9432099999999295,0.3497530000000495
2.9448799999999293,0.3485840000000495
2.946549999999929,0.34741500000004955
2.948219999999929,0.3462460000000498
2.949889999999929,0.3450770000000498
2.9515599999999287,0.34390800000005006
2.9532299999999285,0.3427390000000501
2.9548999999999284,0.3415700000000501
2.956569999999928,0.34040100000005036
2.958239999999928,0.3392320000000504
2.959909999999928,0.33806300000005063
2.9615799999999277,0.33689400000005043
2.9632499999999276,0.3357250000000507
2.9649199999999274,0.3345560000000509
2.9665899999999272,0.33338700000005095
2.968259999999927,0.3322180000000512
2.969929999999927,0.331049000000051
2.9715999999999267,0.32988000000005124
2.9732699999999266,0.3287110000000515
2.9749399999999264,0.3275420000000515
2.9766099999999263,0.32637300000005176
2.978279999999926,0.32520400000005156
2.979949999999926,0.3240350000000518
2.9816199999999258,0.32286600000005206
2.9832899999999256,0.3216970000000521
2.9849599999999255,0.3205280000000523
2.9866299999999253,0.31935900000005213
2.988299999999925,0.3181900000000524
2.989969999999925,0.3170210000000526
2.991639999999925,0.31585200000005265
2.9933099999999246,0.3146830000000529
2.9949799999999245,0.3135140000000527
2.9966499999999243,0.31234500000005294
2.998319999999924,0.3111760000000532
2.999989999999924,0.3100070000000532
3.001659999999924,0.30883800000005346
3.0033299999999237,0.30766900000005326
3.0049999999999235,0.3065000000000535
3.0066699999999233,0.30533100000005375
3.008339999999923,0.3041620000000538
3.010009999999923,0.302993000000054
3.011679999999923,0.3018240000000538
3.0133499999999227,0.3006550000000541
3.0150199999999225,0.2994860000000541
3.0166899999999224,0.29831700000005434
3.018359999999922,0.2971480000000546
3.020029999999922,0.2959790000000544
3.021699999999922,0.29481000000005464
3.0233699999999217,0.29364100000005466
3.0250399999999216,0.2924720000000549
3.0267099999999214,0.29130300000005516
3.0283799999999212,0.29013400000005496
3.030049999999921,0.2889650000000552
3.031719999999921,0.28779600000005523
3.0333899999999208,0.2866270000000555
3.0350599999999206,0.2854580000000557
3.0367299999999204,0.2842890000000555
3.0383999999999203,0.28312000000005577
3.04006999999992,0.2819510000000558
3.04173999999992,0.28078200000005604
3.04340999999992,0.2796130000000563
3.0450799999999196,0.2784440000000561
3.0467499999999195,0.27727500000005634
3.0484199999999193,0.27610600000005636
3.050089999999919,0.2749370000000566
3.051759999999919,0.27376800000005685
3.053429999999919,0.27259900000005666
3.0550999999999187,0.2714300000000569
3.0567699999999185,0.27026100000005693
3.0584399999999183,0.2690920000000572
3.060109999999918,0.2679230000000574
3.061779999999918,0.2667540000000572
3.063449999999918,0.26558500000005747
3.0651199999999177,0.2644160000000575
3.0667899999999175,0.26324700000005774
3.0684599999999174,0.262078000000058
3.070129999999917,0.2609090000000578
3.071799999999917,0.25974000000005804
3.073469999999917,0.25857100000005806
3.0751399999999167,0.2574020000000583
3.0768099999999166,0.25623300000005855
3.0784799999999164,0.25506400000005836
3.0801499999999162,0.2538950000000586
3.081819999999916,0.2527260000000586
3.083489999999916,0.2515570000000589
3.0851599999999157,0.2503880000000589
3.0868299999999156,0.24921900000005892
3.0884999999999154,0.24805000000005917
3.0901699999999153,0.2468810000000592
3.091839999999915,0.24571200000005944
3.093509999999915,0.24454300000005946
3.0951799999999148,0.2433740000000595
3.0968499999999146,0.24220500000005973
3.0985199999999145,0.24103600000005976
3.1001899999999143,0.23986700000006
3.101859999999914,0.23869800000006003
3.103529999999914,0.23752900000006005
3.105199999999914,0.2363600000000603
3.1068699999999136,0.23519100000006032
3.1085399999999135,0.23402200000006057
3.1102099999999133,0.2328530000000606
3.111879999999913,0.23168400000006062
3.113549999999913,0.23051500000006087
3.115219999999913,0.2293460000000609
3.1168899999999127,0.22817700000006114
3.1185599999999125,0.22700800000006116
3.1202299999999124,0.22583900000006119
3.121899999999912,0.22467000000006143
3.123569999999912,0.22350100000006146
3.125239999999912,0.2223320000000617
3.1269099999999117,0.22116300000006173
3.1285799999999115,0.21999400000006175
3.1302499999999114,0.218825000000062
3.131919999999911,0.21765600000006202
3.133589999999911,0.21648700000006227
3.135259999999911,0.2153180000000623
3.1369299999999107,0.21414900000006232
3.1385999999999106,0.21298000000006234
3.1402699999999104,0.2118110000000626
3.1419399999999102,0.21064200000006283
3.14360999999991,0.20947300000006286
3.14527999999991,0.20830400000006288
3.1469499999999098,0.2071350000000629
3.1486199999999096,0.20596600000006315
3.1502899999999094,0.2047970000000634
3.1519599999999093,0.20362800000006342
3.153629999999909,0.20245900000006345
3.155299999999909,0.20129000000006347
3.156969999999909,0.20012100000006372
3.1586399999999086,0.19895200000006397
3.1603099999999085,0.197783000000064
3.1619799999999083,0.19661400000006402
3.163649999999908,0.19544500000006404
3.165319999999908,0.1942760000000643
3.166989999999908,0.19310700000006453
3.1686599999999077,0.19193800000006456
3.1703299999999075,0.19076900000006458
3.1719999999999073,0.1896000000000646
3.173669999999907,0.18843100000006485
3.175339999999907,0.1872620000000651
3.177009999999907,0.18609300000006512
3.1786799999999067,0.18492400000006515
3.1803499999999065,0.18375500000006517
3.1820199999999064,0.18258600000006542
3.183689999999906,0.18141700000006566
3.185359999999906,0.1802480000000657
3.187029999999906,0.1790790000000657
3.1886999999999057,0.17791000000006574
3.1903699999999056,0.17674100000006598
3.1920399999999054,0.17557200000006623
3.1937099999999052,0.17440300000006603
3.195379999999905,0.17323400000006628
3.197049999999905,0.1720650000000663
3.1987199999999048,0.17089600000006655
3.2003899999999046,0.1697270000000668
3.2020599999999044,0.1685580000000666
3.2037299999999043,0.16738900000006685
3.205399999999904,0.16622000000006687
3.207069999999904,0.16505100000006712
3.208739999999904,0.16388200000006714
3.2104099999999036,0.16271300000006717
3.2120799999999035,0.1615440000000674
3.2137499999999033,0.16037500000006744
3.215419999999903,0.15920600000006768
3.217089999999903,0.1580370000000677
3.218759999999903,0.15686800000006773
3.2204299999999026,0.15569900000006798
3.2220999999999025,0.154530000000068
3.2237699999999023,0.15336100000006825
3.225439999999902,0.15219200000006827
3.227109999999902,0.1510230000000683
3.228779999999902,0.14985400000006854
3.2304499999999017,0.14868500000006857
3.2321199999999015,0.14751600000006881
3.2337899999999014,0.14634700000006884
3.235459999999901,0.14517800000006886
3.237129999999901,0.1440090000000691
3.238799999999901,0.14284000000006913
3.2404699999999007,0.14167100000006938
3.2421399999999005,0.1405020000000694
3.2438099999999004,0.13933300000006943
3.2454799999999002,0.13816400000006968
3.2471499999999,0.1369950000000697
3.2488199999999,0.13582600000006995
3.2504899999998997,0.13465700000006997
3.2521599999998996,0.13348800000007
3.2538299999998994,0.13231900000007024
3.2554999999998993,0.13115000000007027
3.257169999999899,0.1299810000000705
3.258839999999899,0.12881200000007054
3.2605099999998988,0.12764300000007056
3.2621799999998986,0.12647400000007059
3.2638499999998984,0.12530500000007083
3.2655199999998983,0.12413600000007108
3.267189999999898,0.1229670000000711
3.268859999999898,0.12179800000007113
3.270529999999898,0.12062900000007115
3.2721999999998976,0.1194600000000714
3.2738699999998975,0.11829100000007164
3.2755399999998973,0.11712200000007167
3.277209999999897,0.1159530000000717
3.278879999999897,0.11478400000007172
3.280549999999897,0.11361500000007196
3.2822199999998967,0.11244600000007221
3.2838899999998965,0.11127700000007223
3.2855599999998963,0.11010800000007226
3.287229999999896,0.10893900000007228
3.288899999999896,0.10777000000007253
3.290569999999896,0.10660100000007278
3.2922399999998957,0.1054320000000728
3.2939099999998955,0.10426300000007283
3.2955799999998954,0.10309400000007285
3.297249999999895,0.1019250000000731
3.298919999999895,0.10075600000007334
